Name,Url
韓国向け半導体材料、きょうにも初の輸出許可…管理厳格化（読売新聞オンライン）,https://news.google.com/articles/CBMiQGh0dHBzOi8vaGVhZGxpbmVzLnlhaG9vLmNvLmpwL2hsP2E9MjAxOTA4MDgtMDAwNTAwNTIteW9tLWJ1c19hbGzSAQA?hl=ja&gl=JP&ceid=JP%3Aja
優遇措置から「韓国削る」 政令公布で28日に施行へ(19/08/07),https://news.google.com/articles/CCAiC3N0QnVYZ1FyVUxNmAEB?hl=ja&gl=JP&ceid=JP%3Aja
韓国の「ホワイト国」除外…戦後初めて「国家の意志」を示した日本 「何で今度は折れないのだ…」狼狽する文政権,https://news.google.com/articles/CAIiEOV6Fgn_PHMZOB-msJiDGAYqGQgEKhAIACoHCAow0czwCjDnkbsCMJv1kwM?hl=ja&gl=JP&ceid=JP%3Aja
対韓厳格化3品目、企業の負担増す 輸出一部再開,https://news.google.com/articles/CBMiPGh0dHBzOi8vd3d3Lm5pa2tlaS5jb20vYXJ0aWNsZS9ER1hNWk80ODM0NTAzMFgwMEMxOUE4VEoyMDAwL9IBAA?hl=ja&gl=JP&ceid=JP%3Aja
貿易戦争以上のもの：いかに韓国は日本を追い抜こうとしているか,https://news.google.com/articles/CAIiEHGLzUTOigUj94vdy727ILEqGQgEKhAIACoHCAow-8eECzCXsYEDMK6HtgY?hl=ja&gl=JP&ceid=JP%3Aja
韓国向け半導体材料、きょうにも初の輸出許可…管理厳格化（読売新聞オンライン）,https://news.google.com/articles/CBMiQGh0dHBzOi8vaGVhZGxpbmVzLnlhaG9vLmNvLmpwL2hsP2E9MjAxOTA4MDgtMDAwNTAwNTIteW9tLWJ1c19hbGzSAQA?hl=ja&gl=JP&ceid=JP%3Aja
優遇措置から「韓国削る」 政令公布で28日に施行へ(19/08/07),https://news.google.com/articles/CCAiC3N0QnVYZ1FyVUxNmAEB?hl=ja&gl=JP&ceid=JP%3Aja
韓国の「ホワイト国」除外…戦後初めて「国家の意志」を示した日本 「何で今度は折れないのだ…」狼狽する文政権,https://news.google.com/articles/CAIiEOV6Fgn_PHMZOB-msJiDGAYqGQgEKhAIACoHCAow0czwCjDnkbsCMJv1kwM?hl=ja&gl=JP&ceid=JP%3Aja
対韓厳格化3品目、企業の負担増す 輸出一部再開,https://news.google.com/articles/CBMiPGh0dHBzOi8vd3d3Lm5pa2tlaS5jb20vYXJ0aWNsZS9ER1hNWk80ODM0NTAzMFgwMEMxOUE4VEoyMDAwL9IBAA?hl=ja&gl=JP&ceid=JP%3Aja
貿易戦争以上のもの：いかに韓国は日本を追い抜こうとしているか,https://news.google.com/articles/CAIiEHGLzUTOigUj94vdy727ILEqGQgEKhAIACoHCAow-8eECzCXsYEDMK6HtgY?hl=ja&gl=JP&ceid=JP%3Aja
優遇措置から「韓国削る」 政令公布で28日に施行へ(19/08/07),https://news.google.com/articles/CCAiC3N0QnVYZ1FyVUxNmAEB?hl=ja&gl=JP&ceid=JP%3Aja
韓国の「ホワイト国」除外…戦後初めて「国家の意志」を示した日本 「何で今度は折れないのだ…」狼狽する文政権,https://news.google.com/articles/CAIiEOV6Fgn_PHMZOB-msJiDGAYqGQgEKhAIACoHCAow0czwCjDnkbsCMJv1kwM?hl=ja&gl=JP&ceid=JP%3Aja
対韓厳格化3品目、企業の負担増す 輸出一部再開,https://news.google.com/articles/CBMiPGh0dHBzOi8vd3d3Lm5pa2tlaS5jb20vYXJ0aWNsZS9ER1hNWk80ODM0NTAzMFgwMEMxOUE4VEoyMDAwL9IBAA?hl=ja&gl=JP&ceid=JP%3Aja
貿易戦争以上のもの：いかに韓国は日本を追い抜こうとしているか,https://news.google.com/articles/CAIiEHGLzUTOigUj94vdy727ILEqGQgEKhAIACoHCAow-8eECzCXsYEDMK6HtgY?hl=ja&gl=JP&ceid=JP%3Aja
浅間山、大きな噴石２００ｍ飛ぶ…警戒呼びかけ,https://news.google.com/articles/CBMiN2h0dHBzOi8vd3d3LnlvbWl1cmkuY28uanAvbmF0aW9uYWwvMjAxOTA4MDgtT1lUMVQ1MDEzMi_SATtodHRwczovL3d3dy55b21pdXJpLmNvLmpwL25hdGlvbmFsLzIwMTkwODA4LU9ZVDFUNTAxMzIvYW1wLw?hl=ja&gl=JP&ceid=JP%3Aja
〔浅間山〕小規模な噴火発生 噴火警戒レベル3(入山規制)に引上げ(8/7)（レスキューナウニュース）,https://news.google.com/articles/CBMiQ2h0dHBzOi8vaGVhZGxpbmVzLnlhaG9vLmNvLmpwL2hsP2E9MjAxOTA4MDctMDAwMDAwMDQtcmVzY3Vlbm93LXNvY2nSAQA?hl=ja&gl=JP&ceid=JP%3Aja
浅間山が噴火 噴石、火山灰などに警戒(19/08/07),https://news.google.com/articles/CCAiC3ZMR2hTRkJtcmdvmAEB?hl=ja&gl=JP&ceid=JP%3Aja
浅間山４年ぶり噴火「明瞭な予兆なかった」｜日テレNEWS24,https://news.google.com/articles/CBMiNmh0dHA6Ly93d3cubmV3czI0LmpwL2FydGljbGVzLzIwMTkvMDgvMDgvMDc0NzgwNzQuaHRtbNIBAA?hl=ja&gl=JP&ceid=JP%3Aja
浅間山で小規模噴火、警戒レベル3に 気象庁が午前0時半から会見（2019年8月8日）,https://news.google.com/articles/CCAiC2hiV1ZlRlIwVmxFmAEB?hl=ja&gl=JP&ceid=JP%3Aja
浅間山、大きな噴石２００ｍ飛ぶ…警戒呼びかけ,https://news.google.com/articles/CBMiN2h0dHBzOi8vd3d3LnlvbWl1cmkuY28uanAvbmF0aW9uYWwvMjAxOTA4MDgtT1lUMVQ1MDEzMi_SATtodHRwczovL3d3dy55b21pdXJpLmNvLmpwL25hdGlvbmFsLzIwMTkwODA4LU9ZVDFUNTAxMzIvYW1wLw?hl=ja&gl=JP&ceid=JP%3Aja
〔浅間山〕小規模な噴火発生 噴火警戒レベル3(入山規制)に引上げ(8/7)（レスキューナウニュース）,https://news.google.com/articles/CBMiQ2h0dHBzOi8vaGVhZGxpbmVzLnlhaG9vLmNvLmpwL2hsP2E9MjAxOTA4MDctMDAwMDAwMDQtcmVzY3Vlbm93LXNvY2nSAQA?hl=ja&gl=JP&ceid=JP%3Aja
浅間山が噴火 噴石、火山灰などに警戒(19/08/07),https://news.google.com/articles/CCAiC3ZMR2hTRkJtcmdvmAEB?hl=ja&gl=JP&ceid=JP%3Aja
浅間山４年ぶり噴火「明瞭な予兆なかった」｜日テレNEWS24,https://news.google.com/articles/CBMiNmh0dHA6Ly93d3cubmV3czI0LmpwL2FydGljbGVzLzIwMTkvMDgvMDgvMDc0NzgwNzQuaHRtbNIBAA?hl=ja&gl=JP&ceid=JP%3Aja
浅間山で小規模噴火、警戒レベル3に 気象庁が午前0時半から会見（2019年8月8日）,https://news.google.com/articles/CCAiC2hiV1ZlRlIwVmxFmAEB?hl=ja&gl=JP&ceid=JP%3Aja
〔浅間山〕小規模な噴火発生 噴火警戒レベル3(入山規制)に引上げ(8/7)（レスキューナウニュース）,https://news.google.com/articles/CBMiQ2h0dHBzOi8vaGVhZGxpbmVzLnlhaG9vLmNvLmpwL2hsP2E9MjAxOTA4MDctMDAwMDAwMDQtcmVzY3Vlbm93LXNvY2nSAQA?hl=ja&gl=JP&ceid=JP%3Aja
浅間山が噴火 噴石、火山灰などに警戒(19/08/07),https://news.google.com/articles/CCAiC3ZMR2hTRkJtcmdvmAEB?hl=ja&gl=JP&ceid=JP%3Aja
浅間山４年ぶり噴火「明瞭な予兆なかった」｜日テレNEWS24,https://news.google.com/articles/CBMiNmh0dHA6Ly93d3cubmV3czI0LmpwL2FydGljbGVzLzIwMTkvMDgvMDgvMDc0NzgwNzQuaHRtbNIBAA?hl=ja&gl=JP&ceid=JP%3Aja
浅間山で小規模噴火、警戒レベル3に 気象庁が午前0時半から会見（2019年8月8日）,https://news.google.com/articles/CCAiC2hiV1ZlRlIwVmxFmAEB?hl=ja&gl=JP&ceid=JP%3Aja
がん５年生存率６６・１％…前立腺９８％、大腸７２％,https://news.google.com/articles/CBMiNmh0dHBzOi8vd3d3LnlvbWl1cmkuY28uanAvc2NpZW5jZS8yMDE5MDgwOC1PWVQxVDUwMDMwL9IBOmh0dHBzOi8vd3d3LnlvbWl1cmkuY28uanAvc2NpZW5jZS8yMDE5MDgwOC1PWVQxVDUwMDMwL2FtcC8?hl=ja&gl=JP&ceid=JP%3Aja
がん3年生存率72％ 初公表の胆のうがんは33％ 国立がん研 - 毎日新聞,https://news.google.com/articles/CBMiOWh0dHBzOi8vbWFpbmljaGkuanAvYXJ0aWNsZXMvMjAxOTA4MDcvazAwLzAwbS8wNDAvMjYzMDAwY9IBPWh0dHBzOi8vbWFpbmljaGkuanAvYXJ0aWNsZXMvMjAxOTA4MDcvazAwLzAwbS8wNDAvMjYzMDAwYy5hbXA?hl=ja&gl=JP&ceid=JP%3Aja
がん3年生存率、72.1％ 昨年比0.8ポイント上昇,https://news.google.com/articles/CBMiN2h0dHBzOi8vd3d3LmFzYWhpLmNvbS9hcnRpY2xlcy9BU004NjREVzNNODZVTEJKMDBCLmh0bWzSATtodHRwczovL3d3dy5hc2FoaS5jb20vYW1wL2FydGljbGVzL0FTTTg2NERXM004NlVMQkowMEIuaHRtbA?hl=ja&gl=JP&ceid=JP%3Aja
４種のがん３年生存率初公表＝腎臓は８５．６％－国立センター,https://news.google.com/articles/CAIiEFihHtTaTNW_f_eDd9fRN9QqGQgEKhAIACoHCAowltHeCjCnpdYBMKOPoQM?hl=ja&gl=JP&ceid=JP%3Aja
がん３年生存率７２％ 難治性がん対策課題 がん研,https://news.google.com/articles/CBMiPWh0dHBzOi8vd3d3LnNhbmtlaS5jb20vbGlmZS9uZXdzLzE5MDgwOC9saWYxOTA4MDgwMDA2LW4xLmh0bWzSATtodHRwczovL3d3dy5zYW5rZWkuY29tL2xpZmUvYW1wLzE5MDgwOC9saWYxOTA4MDgwMDA2LWEuaHRtbA?hl=ja&gl=JP&ceid=JP%3Aja
がん５年生存率６６・１％…前立腺９８％、大腸７２％,https://news.google.com/articles/CBMiNmh0dHBzOi8vd3d3LnlvbWl1cmkuY28uanAvc2NpZW5jZS8yMDE5MDgwOC1PWVQxVDUwMDMwL9IBOmh0dHBzOi8vd3d3LnlvbWl1cmkuY28uanAvc2NpZW5jZS8yMDE5MDgwOC1PWVQxVDUwMDMwL2FtcC8?hl=ja&gl=JP&ceid=JP%3Aja
がん3年生存率72％ 初公表の胆のうがんは33％ 国立がん研 - 毎日新聞,https://news.google.com/articles/CBMiOWh0dHBzOi8vbWFpbmljaGkuanAvYXJ0aWNsZXMvMjAxOTA4MDcvazAwLzAwbS8wNDAvMjYzMDAwY9IBPWh0dHBzOi8vbWFpbmljaGkuanAvYXJ0aWNsZXMvMjAxOTA4MDcvazAwLzAwbS8wNDAvMjYzMDAwYy5hbXA?hl=ja&gl=JP&ceid=JP%3Aja
がん3年生存率、72.1％ 昨年比0.8ポイント上昇,https://news.google.com/articles/CBMiN2h0dHBzOi8vd3d3LmFzYWhpLmNvbS9hcnRpY2xlcy9BU004NjREVzNNODZVTEJKMDBCLmh0bWzSATtodHRwczovL3d3dy5hc2FoaS5jb20vYW1wL2FydGljbGVzL0FTTTg2NERXM004NlVMQkowMEIuaHRtbA?hl=ja&gl=JP&ceid=JP%3Aja
４種のがん３年生存率初公表＝腎臓は８５．６％－国立センター,https://news.google.com/articles/CAIiEFihHtTaTNW_f_eDd9fRN9QqGQgEKhAIACoHCAowltHeCjCnpdYBMKOPoQM?hl=ja&gl=JP&ceid=JP%3Aja
がん３年生存率７２％ 難治性がん対策課題 がん研,https://news.google.com/articles/CBMiPWh0dHBzOi8vd3d3LnNhbmtlaS5jb20vbGlmZS9uZXdzLzE5MDgwOC9saWYxOTA4MDgwMDA2LW4xLmh0bWzSATtodHRwczovL3d3dy5zYW5rZWkuY29tL2xpZmUvYW1wLzE5MDgwOC9saWYxOTA4MDgwMDA2LWEuaHRtbA?hl=ja&gl=JP&ceid=JP%3Aja
がん3年生存率72％ 初公表の胆のうがんは33％ 国立がん研 - 毎日新聞,https://news.google.com/articles/CBMiOWh0dHBzOi8vbWFpbmljaGkuanAvYXJ0aWNsZXMvMjAxOTA4MDcvazAwLzAwbS8wNDAvMjYzMDAwY9IBPWh0dHBzOi8vbWFpbmljaGkuanAvYXJ0aWNsZXMvMjAxOTA4MDcvazAwLzAwbS8wNDAvMjYzMDAwYy5hbXA?hl=ja&gl=JP&ceid=JP%3Aja
がん3年生存率、72.1％ 昨年比0.8ポイント上昇,https://news.google.com/articles/CBMiN2h0dHBzOi8vd3d3LmFzYWhpLmNvbS9hcnRpY2xlcy9BU004NjREVzNNODZVTEJKMDBCLmh0bWzSATtodHRwczovL3d3dy5hc2FoaS5jb20vYW1wL2FydGljbGVzL0FTTTg2NERXM004NlVMQkowMEIuaHRtbA?hl=ja&gl=JP&ceid=JP%3Aja
４種のがん３年生存率初公表＝腎臓は８５．６％－国立センター,https://news.google.com/articles/CAIiEFihHtTaTNW_f_eDd9fRN9QqGQgEKhAIACoHCAowltHeCjCnpdYBMKOPoQM?hl=ja&gl=JP&ceid=JP%3Aja
がん３年生存率７２％ 難治性がん対策課題 がん研,https://news.google.com/articles/CBMiPWh0dHBzOi8vd3d3LnNhbmtlaS5jb20vbGlmZS9uZXdzLzE5MDgwOC9saWYxOTA4MDgwMDA2LW4xLmh0bWzSATtodHRwczovL3d3dy5zYW5rZWkuY29tL2xpZmUvYW1wLzE5MDgwOC9saWYxOTA4MDgwMDA2LWEuaHRtbA?hl=ja&gl=JP&ceid=JP%3Aja
7日 天気急変と猛烈な暑さ トリプル台風北上中(日直予報士 2019年08月07日) - 日本気象協会 tenki.jp,https://news.google.com/articles/CBMiNmh0dHBzOi8vdGVua2kuanAvZm9yZWNhc3Rlci9zX29uby8yMDE5LzA4LzA3LzU0OTYuaHRtbNIBOmh0dHBzOi8vdGVua2kuanAvYW1wL2ZvcmVjYXN0ZXIvc19vbm8vMjAxOS8wOC8wNy81NDk2Lmh0bWw?hl=ja&gl=JP&ceid=JP%3Aja
週間 列島へじわじわ接近 お盆にかけ台風の動き注意（tenki.jp）,https://news.google.com/articles/CBMiP2h0dHBzOi8vaGVhZGxpbmVzLnlhaG9vLmNvLmpwL2hsP2E9MjAxOTA4MDctMDAwMDIzNzQtdGVua2ktc29jadIBAA?hl=ja&gl=JP&ceid=JP%3Aja
非常に強い台風9号が先島諸島へ 10号は11日頃に小笠原諸島に最接近,https://news.google.com/articles/CBMiMmh0dHBzOi8vbmV3cy5saXZlZG9vci5jb20vYXJ0aWNsZS9kZXRhaWwvMTY4OTc0OTYv0gE7aHR0cHM6Ly9uZXdzLmxpdmVkb29yLmNvbS9saXRlL2FydGljbGVfZGV0YWlsX2FtcC8xNjg5NzQ5Ni8?hl=ja&gl=JP&ceid=JP%3Aja
大型の台風10号が北上 日本の南へ向かう恐れ,https://news.google.com/articles/CBMiMGh0dHBzOi8vd3d3Lm9raW5hd2F0aW1lcy5jby5qcC9hcnRpY2xlcy8tLzQ1NTQ1N9IBMmh0dHBzOi8vd3d3Lm9raW5hd2F0aW1lcy5jby5qcC9hcnRpY2xlcy9hbXAvNDU1NDU3?hl=ja&gl=JP&ceid=JP%3Aja
台風９号 発達しながら８、９日先島へ 最大瞬間風速は60メートル,https://news.google.com/articles/CBMiMGh0dHBzOi8vd3d3Lm9raW5hd2F0aW1lcy5jby5qcC9hcnRpY2xlcy8tLzQ1NTMyMNIBMmh0dHBzOi8vd3d3Lm9raW5hd2F0aW1lcy5jby5qcC9hcnRpY2xlcy9hbXAvNDU1MzIw?hl=ja&gl=JP&ceid=JP%3Aja
7日 天気急変と猛烈な暑さ トリプル台風北上中(日直予報士 2019年08月07日) - 日本気象協会 tenki.jp,https://news.google.com/articles/CBMiNmh0dHBzOi8vdGVua2kuanAvZm9yZWNhc3Rlci9zX29uby8yMDE5LzA4LzA3LzU0OTYuaHRtbNIBOmh0dHBzOi8vdGVua2kuanAvYW1wL2ZvcmVjYXN0ZXIvc19vbm8vMjAxOS8wOC8wNy81NDk2Lmh0bWw?hl=ja&gl=JP&ceid=JP%3Aja
週間 列島へじわじわ接近 お盆にかけ台風の動き注意（tenki.jp）,https://news.google.com/articles/CBMiP2h0dHBzOi8vaGVhZGxpbmVzLnlhaG9vLmNvLmpwL2hsP2E9MjAxOTA4MDctMDAwMDIzNzQtdGVua2ktc29jadIBAA?hl=ja&gl=JP&ceid=JP%3Aja
非常に強い台風9号が先島諸島へ 10号は11日頃に小笠原諸島に最接近,https://news.google.com/articles/CBMiMmh0dHBzOi8vbmV3cy5saXZlZG9vci5jb20vYXJ0aWNsZS9kZXRhaWwvMTY4OTc0OTYv0gE7aHR0cHM6Ly9uZXdzLmxpdmVkb29yLmNvbS9saXRlL2FydGljbGVfZGV0YWlsX2FtcC8xNjg5NzQ5Ni8?hl=ja&gl=JP&ceid=JP%3Aja
大型の台風10号が北上 日本の南へ向かう恐れ,https://news.google.com/articles/CBMiMGh0dHBzOi8vd3d3Lm9raW5hd2F0aW1lcy5jby5qcC9hcnRpY2xlcy8tLzQ1NTQ1N9IBMmh0dHBzOi8vd3d3Lm9raW5hd2F0aW1lcy5jby5qcC9hcnRpY2xlcy9hbXAvNDU1NDU3?hl=ja&gl=JP&ceid=JP%3Aja
台風９号 発達しながら８、９日先島へ 最大瞬間風速は60メートル,https://news.google.com/articles/CBMiMGh0dHBzOi8vd3d3Lm9raW5hd2F0aW1lcy5jby5qcC9hcnRpY2xlcy8tLzQ1NTMyMNIBMmh0dHBzOi8vd3d3Lm9raW5hd2F0aW1lcy5jby5qcC9hcnRpY2xlcy9hbXAvNDU1MzIw?hl=ja&gl=JP&ceid=JP%3Aja
週間 列島へじわじわ接近 お盆にかけ台風の動き注意（tenki.jp）,https://news.google.com/articles/CBMiP2h0dHBzOi8vaGVhZGxpbmVzLnlhaG9vLmNvLmpwL2hsP2E9MjAxOTA4MDctMDAwMDIzNzQtdGVua2ktc29jadIBAA?hl=ja&gl=JP&ceid=JP%3Aja
非常に強い台風9号が先島諸島へ 10号は11日頃に小笠原諸島に最接近,https://news.google.com/articles/CBMiMmh0dHBzOi8vbmV3cy5saXZlZG9vci5jb20vYXJ0aWNsZS9kZXRhaWwvMTY4OTc0OTYv0gE7aHR0cHM6Ly9uZXdzLmxpdmVkb29yLmNvbS9saXRlL2FydGljbGVfZGV0YWlsX2FtcC8xNjg5NzQ5Ni8?hl=ja&gl=JP&ceid=JP%3Aja
大型の台風10号が北上 日本の南へ向かう恐れ,https://news.google.com/articles/CBMiMGh0dHBzOi8vd3d3Lm9raW5hd2F0aW1lcy5jby5qcC9hcnRpY2xlcy8tLzQ1NTQ1N9IBMmh0dHBzOi8vd3d3Lm9raW5hd2F0aW1lcy5jby5qcC9hcnRpY2xlcy9hbXAvNDU1NDU3?hl=ja&gl=JP&ceid=JP%3Aja
台風９号 発達しながら８、９日先島へ 最大瞬間風速は60メートル,https://news.google.com/articles/CBMiMGh0dHBzOi8vd3d3Lm9raW5hd2F0aW1lcy5jby5qcC9hcnRpY2xlcy8tLzQ1NTMyMNIBMmh0dHBzOi8vd3d3Lm9raW5hd2F0aW1lcy5jby5qcC9hcnRpY2xlcy9hbXAvNDU1MzIw?hl=ja&gl=JP&ceid=JP%3Aja
8日 立秋 厳しすぎる残暑 台風9号と10号北上(日直予報士 2019年08月08日) - 日本気象協会 tenki.jp,https://news.google.com/articles/CBMiPGh0dHBzOi8vdGVua2kuanAvZm9yZWNhc3Rlci9rX3NoaXJhaXNoaS8yMDE5LzA4LzA4LzU1MTEuaHRtbNIBQGh0dHBzOi8vdGVua2kuanAvYW1wL2ZvcmVjYXN0ZXIva19zaGlyYWlzaGkvMjAxOS8wOC8wOC81NTExLmh0bWw?hl=ja&gl=JP&ceid=JP%3Aja
8日 立秋 厳しすぎる残暑 台風9号と10号北上(日直予報士 2019年08月08日) - 日本気象協会 tenki.jp,https://news.google.com/articles/CBMiPGh0dHBzOi8vdGVua2kuanAvZm9yZWNhc3Rlci9rX3NoaXJhaXNoaS8yMDE5LzA4LzA4LzU1MTEuaHRtbNIBQGh0dHBzOi8vdGVua2kuanAvYW1wL2ZvcmVjYXN0ZXIva19zaGlyYWlzaGkvMjAxOS8wOC8wOC81NTExLmh0bWw?hl=ja&gl=JP&ceid=JP%3Aja
大型で非常に強い台風9号 観光シーズンの沖縄接近,https://news.google.com/articles/CBMiQGh0dHBzOi8vbmV3cy50di1hc2FoaS5jby5qcC9uZXdzX3NvY2lldHkvYXJ0aWNsZXMvMDAwMTYxNTQ3Lmh0bWzSAQA?hl=ja&gl=JP&ceid=JP%3Aja
大型で非常に強い台風9号 観光シーズンの沖縄接近,https://news.google.com/articles/CBMiQGh0dHBzOi8vbmV3cy50di1hc2FoaS5jby5qcC9uZXdzX3NvY2lldHkvYXJ0aWNsZXMvMDAwMTYxNTQ3Lmh0bWzSAQA?hl=ja&gl=JP&ceid=JP%3Aja
デーブ・スペクター、滝川は上品「100点満点」,https://news.google.com/articles/CBMiRGh0dHBzOi8vd3d3Lm5pa2thbnNwb3J0cy5jb20vZW50ZXJ0YWlubWVudC9uZXdzLzIwMTkwODA3MDAwMDkwOS5odG1s0gFKaHR0cHM6Ly93d3cubmlra2Fuc3BvcnRzLmNvbS9tL2VudGVydGFpbm1lbnQvbmV3cy9hbXAvMjAxOTA4MDcwMDAwOTA5Lmh0bWw?hl=ja&gl=JP&ceid=JP%3Aja
小泉孝太郎、弟・進次郎氏の結婚報告に衝撃「時が止まった」緊急記者会見１,https://news.google.com/articles/CCAiC1JOVy1LU0RpejJVmAEB?hl=ja&gl=JP&ceid=JP%3Aja
小泉進次郎衆院議員と滝川クリステルが結婚 滝クリは妊娠、年明け出産予定（デイリースポーツ）,https://news.google.com/articles/CBMiPGh0dHBzOi8vaGVhZGxpbmVzLnlhaG9vLmNvLmpwL2hsP2E9MjAxOTA4MDctMDAwMDAwNzMtZGFsLWVudNIBAA?hl=ja&gl=JP&ceid=JP%3Aja
小泉衆院議員と滝川さんが結婚 妊娠も公表、年明け出産予定｜全国のニュース｜佐賀新聞LiVE,https://news.google.com/articles/CBMiKmh0dHBzOi8vd3d3LnNhZ2Etcy5jby5qcC9hcnRpY2xlcy8tLzQxMDYxNtIBAA?hl=ja&gl=JP&ceid=JP%3Aja
ゆかりの秋田県民、祝福の声 小泉議員と滝川さん結婚へ,https://news.google.com/articles/CBMiNGh0dHBzOi8vd3d3LnNha2lnYWtlLmpwL25ld3MvYXJ0aWNsZS8yMDE5MDgwOEFLMDAwNi_SAT5odHRwczovL3d3dy5zYWtpZ2FrZS5qcC9uZXdzL2FydGljbGVfYW1wLmpzcD9rYz0yMDE5MDgwOEFLMDAwNg?hl=ja&gl=JP&ceid=JP%3Aja
デーブ・スペクター、滝川は上品「100点満点」,https://news.google.com/articles/CBMiRGh0dHBzOi8vd3d3Lm5pa2thbnNwb3J0cy5jb20vZW50ZXJ0YWlubWVudC9uZXdzLzIwMTkwODA3MDAwMDkwOS5odG1s0gFKaHR0cHM6Ly93d3cubmlra2Fuc3BvcnRzLmNvbS9tL2VudGVydGFpbm1lbnQvbmV3cy9hbXAvMjAxOTA4MDcwMDAwOTA5Lmh0bWw?hl=ja&gl=JP&ceid=JP%3Aja
小泉孝太郎、弟・進次郎氏の結婚報告に衝撃「時が止まった」緊急記者会見１,https://news.google.com/articles/CCAiC1JOVy1LU0RpejJVmAEB?hl=ja&gl=JP&ceid=JP%3Aja
小泉進次郎衆院議員と滝川クリステルが結婚 滝クリは妊娠、年明け出産予定（デイリースポーツ）,https://news.google.com/articles/CBMiPGh0dHBzOi8vaGVhZGxpbmVzLnlhaG9vLmNvLmpwL2hsP2E9MjAxOTA4MDctMDAwMDAwNzMtZGFsLWVudNIBAA?hl=ja&gl=JP&ceid=JP%3Aja
小泉衆院議員と滝川さんが結婚 妊娠も公表、年明け出産予定｜全国のニュース｜佐賀新聞LiVE,https://news.google.com/articles/CBMiKmh0dHBzOi8vd3d3LnNhZ2Etcy5jby5qcC9hcnRpY2xlcy8tLzQxMDYxNtIBAA?hl=ja&gl=JP&ceid=JP%3Aja
ゆかりの秋田県民、祝福の声 小泉議員と滝川さん結婚へ,https://news.google.com/articles/CBMiNGh0dHBzOi8vd3d3LnNha2lnYWtlLmpwL25ld3MvYXJ0aWNsZS8yMDE5MDgwOEFLMDAwNi_SAT5odHRwczovL3d3dy5zYWtpZ2FrZS5qcC9uZXdzL2FydGljbGVfYW1wLmpzcD9rYz0yMDE5MDgwOEFLMDAwNg?hl=ja&gl=JP&ceid=JP%3Aja
小泉孝太郎、弟・進次郎氏の結婚報告に衝撃「時が止まった」緊急記者会見１,https://news.google.com/articles/CCAiC1JOVy1LU0RpejJVmAEB?hl=ja&gl=JP&ceid=JP%3Aja
小泉進次郎衆院議員と滝川クリステルが結婚 滝クリは妊娠、年明け出産予定（デイリースポーツ）,https://news.google.com/articles/CBMiPGh0dHBzOi8vaGVhZGxpbmVzLnlhaG9vLmNvLmpwL2hsP2E9MjAxOTA4MDctMDAwMDAwNzMtZGFsLWVudNIBAA?hl=ja&gl=JP&ceid=JP%3Aja
小泉衆院議員と滝川さんが結婚 妊娠も公表、年明け出産予定｜全国のニュース｜佐賀新聞LiVE,https://news.google.com/articles/CBMiKmh0dHBzOi8vd3d3LnNhZ2Etcy5jby5qcC9hcnRpY2xlcy8tLzQxMDYxNtIBAA?hl=ja&gl=JP&ceid=JP%3Aja
ゆかりの秋田県民、祝福の声 小泉議員と滝川さん結婚へ,https://news.google.com/articles/CBMiNGh0dHBzOi8vd3d3LnNha2lnYWtlLmpwL25ld3MvYXJ0aWNsZS8yMDE5MDgwOEFLMDAwNi_SAT5odHRwczovL3d3dy5zYWtpZ2FrZS5qcC9uZXdzL2FydGljbGVfYW1wLmpzcD9rYz0yMDE5MDgwOEFLMDAwNg?hl=ja&gl=JP&ceid=JP%3Aja
大阪府知事、愛知の知事は「辞職相当」 表現の不自由展,https://news.google.com/articles/CBMiN2h0dHBzOi8vd3d3LmFzYWhpLmNvbS9hcnRpY2xlcy9BU004NzVXVzBNODdQVElMMDIzLmh0bWzSATtodHRwczovL3d3dy5hc2FoaS5jb20vYW1wL2FydGljbGVzL0FTTTg3NVdXME04N1BUSUwwMjMuaHRtbA?hl=ja&gl=JP&ceid=JP%3Aja
大阪府知事、愛知の知事は「辞職相当」 表現の不自由展,https://news.google.com/articles/CBMiN2h0dHBzOi8vd3d3LmFzYWhpLmNvbS9hcnRpY2xlcy9BU004NzVXVzBNODdQVElMMDIzLmh0bWzSATtodHRwczovL3d3dy5hc2FoaS5jb20vYW1wL2FydGljbGVzL0FTTTg3NVdXME04N1BUSUwwMjMuaHRtbA?hl=ja&gl=JP&ceid=JP%3Aja
台湾東部でM6.0 最大震度6 | 2019/8/8(木) 7:32,https://news.google.com/articles/CBMiJ2h0dHBzOi8vbmV3cy55YWhvby5jby5qcC9waWNrdXAvNjMzMjYyOdIBAA?hl=ja&gl=JP&ceid=JP%3Aja
台湾東部でM6.0の地震 約600世帯が停電(19/08/08),https://news.google.com/articles/CCAiC0hzcUJrRGgzbkw4mAEB?hl=ja&gl=JP&ceid=JP%3Aja
7日の地震情報まとめ 有感地震は3回「最大は奄美大島北西沖と福島県沖でM3.7」,https://news.google.com/articles/CBMiOmh0dHBzOi8vd3d3LmhhemFyZGxhYi5qcC9rbm93L3RvcGljcy9kZXRhaWwvMy8wLzMwNjMyLmh0bWzSAQA?hl=ja&gl=JP&ceid=JP%3Aja
宜蘭で最大震度6 台湾東部海域でM6 (2019年8月8日),https://news.google.com/articles/CBMiRmh0dHBzOi8vd3d3LmV4Y2l0ZS5jby5qcC9uZXdzL2FydGljbGUvSnBjbmFfQ05BXzIwMTkwODA4XzIwMTkwODA4MDAwMS_SAQA?hl=ja&gl=JP&ceid=JP%3Aja
愛媛県中予でM3.6の地震 今治市で震度2「震源の深さ40km」津波なし,https://news.google.com/articles/CBMiOmh0dHBzOi8vd3d3LmhhemFyZGxhYi5qcC9rbm93L3RvcGljcy9kZXRhaWwvMy8wLzMwNjI2Lmh0bWzSAQA?hl=ja&gl=JP&ceid=JP%3Aja
台湾東部でM6.0 最大震度6 | 2019/8/8(木) 7:32,https://news.google.com/articles/CBMiJ2h0dHBzOi8vbmV3cy55YWhvby5jby5qcC9waWNrdXAvNjMzMjYyOdIBAA?hl=ja&gl=JP&ceid=JP%3Aja
台湾東部でM6.0の地震 約600世帯が停電(19/08/08),https://news.google.com/articles/CCAiC0hzcUJrRGgzbkw4mAEB?hl=ja&gl=JP&ceid=JP%3Aja
7日の地震情報まとめ 有感地震は3回「最大は奄美大島北西沖と福島県沖でM3.7」,https://news.google.com/articles/CBMiOmh0dHBzOi8vd3d3LmhhemFyZGxhYi5qcC9rbm93L3RvcGljcy9kZXRhaWwvMy8wLzMwNjMyLmh0bWzSAQA?hl=ja&gl=JP&ceid=JP%3Aja
宜蘭で最大震度6 台湾東部海域でM6 (2019年8月8日),https://news.google.com/articles/CBMiRmh0dHBzOi8vd3d3LmV4Y2l0ZS5jby5qcC9uZXdzL2FydGljbGUvSnBjbmFfQ05BXzIwMTkwODA4XzIwMTkwODA4MDAwMS_SAQA?hl=ja&gl=JP&ceid=JP%3Aja
愛媛県中予でM3.6の地震 今治市で震度2「震源の深さ40km」津波なし,https://news.google.com/articles/CBMiOmh0dHBzOi8vd3d3LmhhemFyZGxhYi5qcC9rbm93L3RvcGljcy9kZXRhaWwvMy8wLzMwNjI2Lmh0bWzSAQA?hl=ja&gl=JP&ceid=JP%3Aja
台湾東部でM6.0の地震 約600世帯が停電(19/08/08),https://news.google.com/articles/CCAiC0hzcUJrRGgzbkw4mAEB?hl=ja&gl=JP&ceid=JP%3Aja
7日の地震情報まとめ 有感地震は3回「最大は奄美大島北西沖と福島県沖でM3.7」,https://news.google.com/articles/CBMiOmh0dHBzOi8vd3d3LmhhemFyZGxhYi5qcC9rbm93L3RvcGljcy9kZXRhaWwvMy8wLzMwNjMyLmh0bWzSAQA?hl=ja&gl=JP&ceid=JP%3Aja
宜蘭で最大震度6 台湾東部海域でM6 (2019年8月8日),https://news.google.com/articles/CBMiRmh0dHBzOi8vd3d3LmV4Y2l0ZS5jby5qcC9uZXdzL2FydGljbGUvSnBjbmFfQ05BXzIwMTkwODA4XzIwMTkwODA4MDAwMS_SAQA?hl=ja&gl=JP&ceid=JP%3Aja
愛媛県中予でM3.6の地震 今治市で震度2「震源の深さ40km」津波なし,https://news.google.com/articles/CBMiOmh0dHBzOi8vd3d3LmhhemFyZGxhYi5qcC9rbm93L3RvcGljcy9kZXRhaWwvMy8wLzMwNjI2Lmh0bWzSAQA?hl=ja&gl=JP&ceid=JP%3Aja
台風8号「フランシスコ」は熱帯低気圧に 北日本に接近する見込み,https://news.google.com/articles/CBMiMmh0dHBzOi8vbmV3cy5saXZlZG9vci5jb20vYXJ0aWNsZS9kZXRhaWwvMTY4OTIzODcv0gE7aHR0cHM6Ly9uZXdzLmxpdmVkb29yLmNvbS9saXRlL2FydGljbGVfZGV0YWlsX2FtcC8xNjg5MjM4Ny8?hl=ja&gl=JP&ceid=JP%3Aja
台風10号は迷走か 進路の鍵を握るのは“太平洋高気圧”（2019年8月7日）｜BIGLOBEニュース,https://news.google.com/articles/CBMiQ2h0dHBzOi8vbmV3cy5iaWdsb2JlLm5lLmpwL2RvbWVzdGljLzA4MDcvd3RoXzE5MDgwN185NTU0Mjk1ODk2Lmh0bWzSAU1odHRwczovL25ld3MuYmlnbG9iZS5uZS5qcC9zbWFydC9hbXAvZG9tZXN0aWMvMDgwNy93dGhfMTkwODA3Xzk1NTQyOTU4OTYuaHRtbA?hl=ja&gl=JP&ceid=JP%3Aja
トリプル台風（８号、９号、１０号）の行方は？（杉江勇次） - Yahoo!ニュース,https://news.google.com/articles/CBMiPGh0dHBzOi8vbmV3cy55YWhvby5jby5qcC9ieWxpbmUvc3VnaWV5dWppLzIwMTkwODA2LTAwMTM3MjM5L9IBAA?hl=ja&gl=JP&ceid=JP%3Aja
【台風】佐賀県内影響まとめ（午後６時現在）｜行政・社会｜佐賀新聞ニュース｜佐賀新聞LiVE,https://news.google.com/articles/CBMiKmh0dHBzOi8vd3d3LnNhZ2Etcy5jby5qcC9hcnRpY2xlcy8tLzQxMDAxMNIBAA?hl=ja&gl=JP&ceid=JP%3Aja
台風8号 宮崎市に上陸 強い勢力で九州通過中(19/08/06),https://news.google.com/articles/CCAiCy14RlhCNk80R3hZmAEB?hl=ja&gl=JP&ceid=JP%3Aja
台風8号「フランシスコ」は熱帯低気圧に 北日本に接近する見込み,https://news.google.com/articles/CBMiMmh0dHBzOi8vbmV3cy5saXZlZG9vci5jb20vYXJ0aWNsZS9kZXRhaWwvMTY4OTIzODcv0gE7aHR0cHM6Ly9uZXdzLmxpdmVkb29yLmNvbS9saXRlL2FydGljbGVfZGV0YWlsX2FtcC8xNjg5MjM4Ny8?hl=ja&gl=JP&ceid=JP%3Aja
台風10号は迷走か 進路の鍵を握るのは“太平洋高気圧”（2019年8月7日）｜BIGLOBEニュース,https://news.google.com/articles/CBMiQ2h0dHBzOi8vbmV3cy5iaWdsb2JlLm5lLmpwL2RvbWVzdGljLzA4MDcvd3RoXzE5MDgwN185NTU0Mjk1ODk2Lmh0bWzSAU1odHRwczovL25ld3MuYmlnbG9iZS5uZS5qcC9zbWFydC9hbXAvZG9tZXN0aWMvMDgwNy93dGhfMTkwODA3Xzk1NTQyOTU4OTYuaHRtbA?hl=ja&gl=JP&ceid=JP%3Aja
トリプル台風（８号、９号、１０号）の行方は？（杉江勇次） - Yahoo!ニュース,https://news.google.com/articles/CBMiPGh0dHBzOi8vbmV3cy55YWhvby5jby5qcC9ieWxpbmUvc3VnaWV5dWppLzIwMTkwODA2LTAwMTM3MjM5L9IBAA?hl=ja&gl=JP&ceid=JP%3Aja
【台風】佐賀県内影響まとめ（午後６時現在）｜行政・社会｜佐賀新聞ニュース｜佐賀新聞LiVE,https://news.google.com/articles/CBMiKmh0dHBzOi8vd3d3LnNhZ2Etcy5jby5qcC9hcnRpY2xlcy8tLzQxMDAxMNIBAA?hl=ja&gl=JP&ceid=JP%3Aja
台風8号 宮崎市に上陸 強い勢力で九州通過中(19/08/06),https://news.google.com/articles/CCAiCy14RlhCNk80R3hZmAEB?hl=ja&gl=JP&ceid=JP%3Aja
台風10号は迷走か 進路の鍵を握るのは“太平洋高気圧”（2019年8月7日）｜BIGLOBEニュース,https://news.google.com/articles/CBMiQ2h0dHBzOi8vbmV3cy5iaWdsb2JlLm5lLmpwL2RvbWVzdGljLzA4MDcvd3RoXzE5MDgwN185NTU0Mjk1ODk2Lmh0bWzSAU1odHRwczovL25ld3MuYmlnbG9iZS5uZS5qcC9zbWFydC9hbXAvZG9tZXN0aWMvMDgwNy93dGhfMTkwODA3Xzk1NTQyOTU4OTYuaHRtbA?hl=ja&gl=JP&ceid=JP%3Aja
トリプル台風（８号、９号、１０号）の行方は？（杉江勇次） - Yahoo!ニュース,https://news.google.com/articles/CBMiPGh0dHBzOi8vbmV3cy55YWhvby5jby5qcC9ieWxpbmUvc3VnaWV5dWppLzIwMTkwODA2LTAwMTM3MjM5L9IBAA?hl=ja&gl=JP&ceid=JP%3Aja
【台風】佐賀県内影響まとめ（午後６時現在）｜行政・社会｜佐賀新聞ニュース｜佐賀新聞LiVE,https://news.google.com/articles/CBMiKmh0dHBzOi8vd3d3LnNhZ2Etcy5jby5qcC9hcnRpY2xlcy8tLzQxMDAxMNIBAA?hl=ja&gl=JP&ceid=JP%3Aja
台風8号 宮崎市に上陸 強い勢力で九州通過中(19/08/06),https://news.google.com/articles/CCAiCy14RlhCNk80R3hZmAEB?hl=ja&gl=JP&ceid=JP%3Aja
インドのカシミール「併合」は、民族浄化や核戦争にもつながりかねない暴挙,https://news.google.com/articles/CBMiQWh0dHBzOi8vd3d3Lm5ld3N3ZWVramFwYW4uanAvc3Rvcmllcy93b3JsZC8yMDE5LzA4L3Bvc3QtMTI3MjAucGhw0gFFaHR0cHM6Ly93d3cubmV3c3dlZWtqYXBhbi5qcC9hbXAvc3Rvcmllcy93b3JsZC8yMDE5LzA4L3Bvc3QtMTI3MjAucGhw?hl=ja&gl=JP&ceid=JP%3Aja
コラム：カシミール自治剥奪の衝撃、インド経済に大きなリスク,https://news.google.com/articles/CAIiEODyhn58PrTl4ySSdvPTxt4qGQgEKhAIACoHCAowroX-CjDCyvYCMMrd3AU?hl=ja&gl=JP&ceid=JP%3Aja
印議会、カシミールの自治権剥奪を承認 政府の直轄領へ,https://news.google.com/articles/CBMiKWh0dHBzOi8vd3d3LmNubi5jby5qcC93b3JsZC8zNTE0MTAwNS5odG1s0gEvaHR0cHM6Ly93d3cuY25uLmNvLmpwL2FtcC9hcnRpY2xlLzM1MTQxMDA1Lmh0bWw?hl=ja&gl=JP&ceid=JP%3Aja
パキスタン政府、インド大使を追放へ カシミール自治権剥奪受け,https://news.google.com/articles/CBMiQWh0dHBzOi8vd3d3Lm5ld3N3ZWVramFwYW4uanAvc3Rvcmllcy93b3JsZC8yMDE5LzA4L3Bvc3QtMTI3MjEucGhw0gFFaHR0cHM6Ly93d3cubmV3c3dlZWtqYXBhbi5qcC9hbXAvc3Rvcmllcy93b3JsZC8yMDE5LzA4L3Bvc3QtMTI3MjEucGhw?hl=ja&gl=JP&ceid=JP%3Aja
パキスタン、インド大使を追放へ カシミールの自治権剥奪受け,https://news.google.com/articles/CAIiEJbBDy4fv40r7eQ81lHPtTAqGQgEKhAIACoHCAowroX-CjDCyvYCMMrd3AU?hl=ja&gl=JP&ceid=JP%3Aja
インドのカシミール「併合」は、民族浄化や核戦争にもつながりかねない暴挙,https://news.google.com/articles/CBMiQWh0dHBzOi8vd3d3Lm5ld3N3ZWVramFwYW4uanAvc3Rvcmllcy93b3JsZC8yMDE5LzA4L3Bvc3QtMTI3MjAucGhw0gFFaHR0cHM6Ly93d3cubmV3c3dlZWtqYXBhbi5qcC9hbXAvc3Rvcmllcy93b3JsZC8yMDE5LzA4L3Bvc3QtMTI3MjAucGhw?hl=ja&gl=JP&ceid=JP%3Aja
コラム：カシミール自治剥奪の衝撃、インド経済に大きなリスク,https://news.google.com/articles/CAIiEODyhn58PrTl4ySSdvPTxt4qGQgEKhAIACoHCAowroX-CjDCyvYCMMrd3AU?hl=ja&gl=JP&ceid=JP%3Aja
印議会、カシミールの自治権剥奪を承認 政府の直轄領へ,https://news.google.com/articles/CBMiKWh0dHBzOi8vd3d3LmNubi5jby5qcC93b3JsZC8zNTE0MTAwNS5odG1s0gEvaHR0cHM6Ly93d3cuY25uLmNvLmpwL2FtcC9hcnRpY2xlLzM1MTQxMDA1Lmh0bWw?hl=ja&gl=JP&ceid=JP%3Aja
パキスタン政府、インド大使を追放へ カシミール自治権剥奪受け,https://news.google.com/articles/CBMiQWh0dHBzOi8vd3d3Lm5ld3N3ZWVramFwYW4uanAvc3Rvcmllcy93b3JsZC8yMDE5LzA4L3Bvc3QtMTI3MjEucGhw0gFFaHR0cHM6Ly93d3cubmV3c3dlZWtqYXBhbi5qcC9hbXAvc3Rvcmllcy93b3JsZC8yMDE5LzA4L3Bvc3QtMTI3MjEucGhw?hl=ja&gl=JP&ceid=JP%3Aja
パキスタン、インド大使を追放へ カシミールの自治権剥奪受け,https://news.google.com/articles/CAIiEJbBDy4fv40r7eQ81lHPtTAqGQgEKhAIACoHCAowroX-CjDCyvYCMMrd3AU?hl=ja&gl=JP&ceid=JP%3Aja
コラム：カシミール自治剥奪の衝撃、インド経済に大きなリスク,https://news.google.com/articles/CAIiEODyhn58PrTl4ySSdvPTxt4qGQgEKhAIACoHCAowroX-CjDCyvYCMMrd3AU?hl=ja&gl=JP&ceid=JP%3Aja
印議会、カシミールの自治権剥奪を承認 政府の直轄領へ,https://news.google.com/articles/CBMiKWh0dHBzOi8vd3d3LmNubi5jby5qcC93b3JsZC8zNTE0MTAwNS5odG1s0gEvaHR0cHM6Ly93d3cuY25uLmNvLmpwL2FtcC9hcnRpY2xlLzM1MTQxMDA1Lmh0bWw?hl=ja&gl=JP&ceid=JP%3Aja
パキスタン政府、インド大使を追放へ カシミール自治権剥奪受け,https://news.google.com/articles/CBMiQWh0dHBzOi8vd3d3Lm5ld3N3ZWVramFwYW4uanAvc3Rvcmllcy93b3JsZC8yMDE5LzA4L3Bvc3QtMTI3MjEucGhw0gFFaHR0cHM6Ly93d3cubmV3c3dlZWtqYXBhbi5qcC9hbXAvc3Rvcmllcy93b3JsZC8yMDE5LzA4L3Bvc3QtMTI3MjEucGhw?hl=ja&gl=JP&ceid=JP%3Aja
パキスタン、インド大使を追放へ カシミールの自治権剥奪受け,https://news.google.com/articles/CAIiEJbBDy4fv40r7eQ81lHPtTAqGQgEKhAIACoHCAowroX-CjDCyvYCMMrd3AU?hl=ja&gl=JP&ceid=JP%3Aja
「新型」発射で正恩氏、米韓演習に「適切な警告を」,https://news.google.com/articles/CBMiNGh0dHBzOi8vd3d3LnlvbWl1cmkuY28uanAvd29ybGQvMjAxOTA4MDctT1lUMVQ1MDExNi_SAThodHRwczovL3d3dy55b21pdXJpLmNvLmpwL3dvcmxkLzIwMTkwODA3LU9ZVDFUNTAxMTYvYW1wLw?hl=ja&gl=JP&ceid=JP%3Aja
「米韓軍事演習に警告」金委員長 新型兵器視察(19/08/07),https://news.google.com/articles/CCAiC3NjWkIxdUZDLUNNmAEB?hl=ja&gl=JP&ceid=JP%3Aja
アメリカと韓国へのメッセージ：北朝鮮が新型ミサイル実験,https://news.google.com/articles/CBMiMWh0dHBzOi8vanAuc3B1dG5pa25ld3MuY29tL3Bob3RvLzIwMTkwODA3NjU1OTk2OC_SATVodHRwczovL2pwLnNwdXRuaWtuZXdzLmNvbS9hbXAvcGhvdG8vMjAxOTA4MDc2NTU5OTY4Lw?hl=ja&gl=JP&ceid=JP%3Aja
北のミサイルを｢飛翔体｣と呼ぶ安倍政権の弱腰 日朝首脳会談のための｢忖度｣か,https://news.google.com/articles/CAIiEFq89bPhuiqmlPdOA6JXlfoqGQgEKhAIACoHCAow0ZjwCjDo17cCMLLAiAM?hl=ja&gl=JP&ceid=JP%3Aja
北のミサイルを｢飛翔体｣と呼ぶ安倍政権の弱腰 (1/2),https://news.google.com/articles/CBMiImh0dHBzOi8vYmxvZ29zLmNvbS9hcnRpY2xlLzM5NjI3MS_SAQA?hl=ja&gl=JP&ceid=JP%3Aja
「新型」発射で正恩氏、米韓演習に「適切な警告を」,https://news.google.com/articles/CBMiNGh0dHBzOi8vd3d3LnlvbWl1cmkuY28uanAvd29ybGQvMjAxOTA4MDctT1lUMVQ1MDExNi_SAThodHRwczovL3d3dy55b21pdXJpLmNvLmpwL3dvcmxkLzIwMTkwODA3LU9ZVDFUNTAxMTYvYW1wLw?hl=ja&gl=JP&ceid=JP%3Aja
「米韓軍事演習に警告」金委員長 新型兵器視察(19/08/07),https://news.google.com/articles/CCAiC3NjWkIxdUZDLUNNmAEB?hl=ja&gl=JP&ceid=JP%3Aja
アメリカと韓国へのメッセージ：北朝鮮が新型ミサイル実験,https://news.google.com/articles/CBMiMWh0dHBzOi8vanAuc3B1dG5pa25ld3MuY29tL3Bob3RvLzIwMTkwODA3NjU1OTk2OC_SATVodHRwczovL2pwLnNwdXRuaWtuZXdzLmNvbS9hbXAvcGhvdG8vMjAxOTA4MDc2NTU5OTY4Lw?hl=ja&gl=JP&ceid=JP%3Aja
北のミサイルを｢飛翔体｣と呼ぶ安倍政権の弱腰 日朝首脳会談のための｢忖度｣か,https://news.google.com/articles/CAIiEFq89bPhuiqmlPdOA6JXlfoqGQgEKhAIACoHCAow0ZjwCjDo17cCMLLAiAM?hl=ja&gl=JP&ceid=JP%3Aja
北のミサイルを｢飛翔体｣と呼ぶ安倍政権の弱腰 (1/2),https://news.google.com/articles/CBMiImh0dHBzOi8vYmxvZ29zLmNvbS9hcnRpY2xlLzM5NjI3MS_SAQA?hl=ja&gl=JP&ceid=JP%3Aja
「米韓軍事演習に警告」金委員長 新型兵器視察(19/08/07),https://news.google.com/articles/CCAiC3NjWkIxdUZDLUNNmAEB?hl=ja&gl=JP&ceid=JP%3Aja
アメリカと韓国へのメッセージ：北朝鮮が新型ミサイル実験,https://news.google.com/articles/CBMiMWh0dHBzOi8vanAuc3B1dG5pa25ld3MuY29tL3Bob3RvLzIwMTkwODA3NjU1OTk2OC_SATVodHRwczovL2pwLnNwdXRuaWtuZXdzLmNvbS9hbXAvcGhvdG8vMjAxOTA4MDc2NTU5OTY4Lw?hl=ja&gl=JP&ceid=JP%3Aja
北のミサイルを｢飛翔体｣と呼ぶ安倍政権の弱腰 日朝首脳会談のための｢忖度｣か,https://news.google.com/articles/CAIiEFq89bPhuiqmlPdOA6JXlfoqGQgEKhAIACoHCAow0ZjwCjDo17cCMLLAiAM?hl=ja&gl=JP&ceid=JP%3Aja
北のミサイルを｢飛翔体｣と呼ぶ安倍政権の弱腰 (1/2),https://news.google.com/articles/CBMiImh0dHBzOi8vYmxvZ29zLmNvbS9hcnRpY2xlLzM5NjI3MS_SAQA?hl=ja&gl=JP&ceid=JP%3Aja
有志連合、時間かける日本…米側の理解は不透明 防衛相会談,https://news.google.com/articles/CBMiQWh0dHBzOi8vd3d3LnNhbmtlaS5jb20vcG9saXRpY3MvbmV3cy8xOTA4MDcvcGx0MTkwODA3MDAzNi1uMS5odG1s0gE_aHR0cHM6Ly93d3cuc2Fua2VpLmNvbS9wb2xpdGljcy9hbXAvMTkwODA3L3BsdDE5MDgwNzAwMzYtYS5odG1s?hl=ja&gl=JP&ceid=JP%3Aja
【報ステ】米国防長官が来日『有志連合』への対応は(19/08/07),https://news.google.com/articles/CCAiC1VEVmZEQ3BPNnZZmAEB?hl=ja&gl=JP&ceid=JP%3Aja
米国防長官、日本に「有志連合」参加を要請 防衛相会談,https://news.google.com/articles/CBMiN2h0dHBzOi8vd3d3LmFzYWhpLmNvbS9hcnRpY2xlcy9BU004NzI2M0NNODdVVEZLMDAyLmh0bWzSATtodHRwczovL3d3dy5hc2FoaS5jb20vYW1wL2FydGljbGVzL0FTTTg3MjYzQ004N1VURkswMDIuaHRtbA?hl=ja&gl=JP&ceid=JP%3Aja
米国防長官、有志連合へ協力要請 首相・防衛相と会談,https://news.google.com/articles/CBMiPGh0dHBzOi8vd3d3Lm5pa2tlaS5jb20vYXJ0aWNsZS9ER1hNWk80ODMwNTg5MFgwMEMxOUE4TU0wMDAwL9IBAA?hl=ja&gl=JP&ceid=JP%3Aja
“有志連合”を協議 安倍総理が米国防長官と会談(19/08/07),https://news.google.com/articles/CCAiC0hPeTI0VjAtRVJZmAEB?hl=ja&gl=JP&ceid=JP%3Aja
有志連合、時間かける日本…米側の理解は不透明 防衛相会談,https://news.google.com/articles/CBMiQWh0dHBzOi8vd3d3LnNhbmtlaS5jb20vcG9saXRpY3MvbmV3cy8xOTA4MDcvcGx0MTkwODA3MDAzNi1uMS5odG1s0gE_aHR0cHM6Ly93d3cuc2Fua2VpLmNvbS9wb2xpdGljcy9hbXAvMTkwODA3L3BsdDE5MDgwNzAwMzYtYS5odG1s?hl=ja&gl=JP&ceid=JP%3Aja
【報ステ】米国防長官が来日『有志連合』への対応は(19/08/07),https://news.google.com/articles/CCAiC1VEVmZEQ3BPNnZZmAEB?hl=ja&gl=JP&ceid=JP%3Aja
米国防長官、日本に「有志連合」参加を要請 防衛相会談,https://news.google.com/articles/CBMiN2h0dHBzOi8vd3d3LmFzYWhpLmNvbS9hcnRpY2xlcy9BU004NzI2M0NNODdVVEZLMDAyLmh0bWzSATtodHRwczovL3d3dy5hc2FoaS5jb20vYW1wL2FydGljbGVzL0FTTTg3MjYzQ004N1VURkswMDIuaHRtbA?hl=ja&gl=JP&ceid=JP%3Aja
米国防長官、有志連合へ協力要請 首相・防衛相と会談,https://news.google.com/articles/CBMiPGh0dHBzOi8vd3d3Lm5pa2tlaS5jb20vYXJ0aWNsZS9ER1hNWk80ODMwNTg5MFgwMEMxOUE4TU0wMDAwL9IBAA?hl=ja&gl=JP&ceid=JP%3Aja
“有志連合”を協議 安倍総理が米国防長官と会談(19/08/07),https://news.google.com/articles/CCAiC0hPeTI0VjAtRVJZmAEB?hl=ja&gl=JP&ceid=JP%3Aja
【報ステ】米国防長官が来日『有志連合』への対応は(19/08/07),https://news.google.com/articles/CCAiC1VEVmZEQ3BPNnZZmAEB?hl=ja&gl=JP&ceid=JP%3Aja
米国防長官、日本に「有志連合」参加を要請 防衛相会談,https://news.google.com/articles/CBMiN2h0dHBzOi8vd3d3LmFzYWhpLmNvbS9hcnRpY2xlcy9BU004NzI2M0NNODdVVEZLMDAyLmh0bWzSATtodHRwczovL3d3dy5hc2FoaS5jb20vYW1wL2FydGljbGVzL0FTTTg3MjYzQ004N1VURkswMDIuaHRtbA?hl=ja&gl=JP&ceid=JP%3Aja
米国防長官、有志連合へ協力要請 首相・防衛相と会談,https://news.google.com/articles/CBMiPGh0dHBzOi8vd3d3Lm5pa2tlaS5jb20vYXJ0aWNsZS9ER1hNWk80ODMwNTg5MFgwMEMxOUE4TU0wMDAwL9IBAA?hl=ja&gl=JP&ceid=JP%3Aja
“有志連合”を協議 安倍総理が米国防長官と会談(19/08/07),https://news.google.com/articles/CCAiC0hPeTI0VjAtRVJZmAEB?hl=ja&gl=JP&ceid=JP%3Aja
社説：米銃社会とヘイト 街角が「戦場」となる怖さ,https://news.google.com/articles/CBMiOWh0dHBzOi8vbWFpbmljaGkuanAvYXJ0aWNsZXMvMjAxOTA4MDgvZGRtLzAwNS8wNzAvMTQ2MDAwY9IBAA?hl=ja&gl=JP&ceid=JP%3Aja
銃乱射めぐりオバマ氏が異例のコメント トランプ氏反発,https://news.google.com/articles/CBMiJ2h0dHBzOi8vd3d3LmNubi5jby5qcC91c2EvMzUxNDA5OTkuaHRtbNIBL2h0dHBzOi8vd3d3LmNubi5jby5qcC9hbXAvYXJ0aWNsZS8zNTE0MDk5OS5odG1s?hl=ja&gl=JP&ceid=JP%3Aja
銃乱射相次ぐ中・・・ トランプ氏は銃規制に消極姿勢(19/08/08),https://news.google.com/articles/CCAiC20wazY2SHgtSElNmAEB?hl=ja&gl=JP&ceid=JP%3Aja
トランプ大統領に銃乱射連鎖を止める手立てなし,https://news.google.com/articles/CBMiK2h0dHBzOi8vamJwcmVzcy5pc21lZGlhLmpwL2FydGljbGVzLy0vNTcyMzjSAS1odHRwczovL2picHJlc3MuaXNtZWRpYS5qcC9hcnRpY2xlcy9hbXAvNTcyMzg?hl=ja&gl=JP&ceid=JP%3Aja
トランプ氏、銃乱射事件のテキサス・オハイオ州訪問 抗議活動も,https://news.google.com/articles/CAIiEKtuoTG7mp7yXR5Pj6RiORQqGQgEKhAIACoHCAowroX-CjDCyvYCMIrd3AU?hl=ja&gl=JP&ceid=JP%3Aja
社説：米銃社会とヘイト 街角が「戦場」となる怖さ,https://news.google.com/articles/CBMiOWh0dHBzOi8vbWFpbmljaGkuanAvYXJ0aWNsZXMvMjAxOTA4MDgvZGRtLzAwNS8wNzAvMTQ2MDAwY9IBAA?hl=ja&gl=JP&ceid=JP%3Aja
銃乱射めぐりオバマ氏が異例のコメント トランプ氏反発,https://news.google.com/articles/CBMiJ2h0dHBzOi8vd3d3LmNubi5jby5qcC91c2EvMzUxNDA5OTkuaHRtbNIBL2h0dHBzOi8vd3d3LmNubi5jby5qcC9hbXAvYXJ0aWNsZS8zNTE0MDk5OS5odG1s?hl=ja&gl=JP&ceid=JP%3Aja
銃乱射相次ぐ中・・・ トランプ氏は銃規制に消極姿勢(19/08/08),https://news.google.com/articles/CCAiC20wazY2SHgtSElNmAEB?hl=ja&gl=JP&ceid=JP%3Aja
トランプ大統領に銃乱射連鎖を止める手立てなし,https://news.google.com/articles/CBMiK2h0dHBzOi8vamJwcmVzcy5pc21lZGlhLmpwL2FydGljbGVzLy0vNTcyMzjSAS1odHRwczovL2picHJlc3MuaXNtZWRpYS5qcC9hcnRpY2xlcy9hbXAvNTcyMzg?hl=ja&gl=JP&ceid=JP%3Aja
トランプ氏、銃乱射事件のテキサス・オハイオ州訪問 抗議活動も,https://news.google.com/articles/CAIiEKtuoTG7mp7yXR5Pj6RiORQqGQgEKhAIACoHCAowroX-CjDCyvYCMIrd3AU?hl=ja&gl=JP&ceid=JP%3Aja
銃乱射めぐりオバマ氏が異例のコメント トランプ氏反発,https://news.google.com/articles/CBMiJ2h0dHBzOi8vd3d3LmNubi5jby5qcC91c2EvMzUxNDA5OTkuaHRtbNIBL2h0dHBzOi8vd3d3LmNubi5jby5qcC9hbXAvYXJ0aWNsZS8zNTE0MDk5OS5odG1s?hl=ja&gl=JP&ceid=JP%3Aja
銃乱射相次ぐ中・・・ トランプ氏は銃規制に消極姿勢(19/08/08),https://news.google.com/articles/CCAiC20wazY2SHgtSElNmAEB?hl=ja&gl=JP&ceid=JP%3Aja
トランプ大統領に銃乱射連鎖を止める手立てなし,https://news.google.com/articles/CBMiK2h0dHBzOi8vamJwcmVzcy5pc21lZGlhLmpwL2FydGljbGVzLy0vNTcyMzjSAS1odHRwczovL2picHJlc3MuaXNtZWRpYS5qcC9hcnRpY2xlcy9hbXAvNTcyMzg?hl=ja&gl=JP&ceid=JP%3Aja
トランプ氏、銃乱射事件のテキサス・オハイオ州訪問 抗議活動も,https://news.google.com/articles/CAIiEKtuoTG7mp7yXR5Pj6RiORQqGQgEKhAIACoHCAowroX-CjDCyvYCMIrd3AU?hl=ja&gl=JP&ceid=JP%3Aja
米30年債利回り、過去最低に接近－景気への懸念強まり大幅低下,https://news.google.com/articles/CBMiQ2h0dHBzOi8vd3d3LmJsb29tYmVyZy5jby5qcC9uZXdzL2FydGljbGVzLzIwMTktMDgtMDcvUFZWSFBXNlRURFMwMDHSAQA?hl=ja&gl=JP&ceid=JP%3Aja
米中貿易戦争が悪化の一途、リスク回避の動きが加速してきた背景（久保田博幸） - Yahoo!ニュース,https://news.google.com/articles/CBMiQWh0dHBzOi8vbmV3cy55YWhvby5jby5qcC9ieWxpbmUva3Vib3RhaGlyb3l1a2kvMjAxOTA4MDctMDAxMzczNjIv0gEA?hl=ja&gl=JP&ceid=JP%3Aja
世界の債券市場が鳴らす最大級の警鐘、リセッションのリスク高まる,https://news.google.com/articles/CBMiQ2h0dHBzOi8vd3d3LmJsb29tYmVyZy5jby5qcC9uZXdzL2FydGljbGVzLzIwMTktMDgtMDcvUFZWQlFENlRURFMwMDHSAQA?hl=ja&gl=JP&ceid=JP%3Aja
米国債がマイナス金利になる日,https://news.google.com/articles/CBMiPGh0dHBzOi8vd3d3Lm5pa2tlaS5jb20vYXJ0aWNsZS9ER1hNWk80ODM1MTM3MFk5QTgwMEMxMDAwMDAwL9IBAA?hl=ja&gl=JP&ceid=JP%3Aja
欧州で株安・債券高加速、英国債利回りは最低に（写真＝ロイター）,https://news.google.com/articles/CBMiPGh0dHBzOi8vd3d3Lm5pa2tlaS5jb20vYXJ0aWNsZS9ER1hNWk80ODI1MDMzMFc5QTgwMEMxMDAwMDAwL9IBAA?hl=ja&gl=JP&ceid=JP%3Aja
米30年債利回り、過去最低に接近－景気への懸念強まり大幅低下,https://news.google.com/articles/CBMiQ2h0dHBzOi8vd3d3LmJsb29tYmVyZy5jby5qcC9uZXdzL2FydGljbGVzLzIwMTktMDgtMDcvUFZWSFBXNlRURFMwMDHSAQA?hl=ja&gl=JP&ceid=JP%3Aja
米中貿易戦争が悪化の一途、リスク回避の動きが加速してきた背景（久保田博幸） - Yahoo!ニュース,https://news.google.com/articles/CBMiQWh0dHBzOi8vbmV3cy55YWhvby5jby5qcC9ieWxpbmUva3Vib3RhaGlyb3l1a2kvMjAxOTA4MDctMDAxMzczNjIv0gEA?hl=ja&gl=JP&ceid=JP%3Aja
世界の債券市場が鳴らす最大級の警鐘、リセッションのリスク高まる,https://news.google.com/articles/CBMiQ2h0dHBzOi8vd3d3LmJsb29tYmVyZy5jby5qcC9uZXdzL2FydGljbGVzLzIwMTktMDgtMDcvUFZWQlFENlRURFMwMDHSAQA?hl=ja&gl=JP&ceid=JP%3Aja
米国債がマイナス金利になる日,https://news.google.com/articles/CBMiPGh0dHBzOi8vd3d3Lm5pa2tlaS5jb20vYXJ0aWNsZS9ER1hNWk80ODM1MTM3MFk5QTgwMEMxMDAwMDAwL9IBAA?hl=ja&gl=JP&ceid=JP%3Aja
欧州で株安・債券高加速、英国債利回りは最低に（写真＝ロイター）,https://news.google.com/articles/CBMiPGh0dHBzOi8vd3d3Lm5pa2tlaS5jb20vYXJ0aWNsZS9ER1hNWk80ODI1MDMzMFc5QTgwMEMxMDAwMDAwL9IBAA?hl=ja&gl=JP&ceid=JP%3Aja
米中貿易戦争が悪化の一途、リスク回避の動きが加速してきた背景（久保田博幸） - Yahoo!ニュース,https://news.google.com/articles/CBMiQWh0dHBzOi8vbmV3cy55YWhvby5jby5qcC9ieWxpbmUva3Vib3RhaGlyb3l1a2kvMjAxOTA4MDctMDAxMzczNjIv0gEA?hl=ja&gl=JP&ceid=JP%3Aja
世界の債券市場が鳴らす最大級の警鐘、リセッションのリスク高まる,https://news.google.com/articles/CBMiQ2h0dHBzOi8vd3d3LmJsb29tYmVyZy5jby5qcC9uZXdzL2FydGljbGVzLzIwMTktMDgtMDcvUFZWQlFENlRURFMwMDHSAQA?hl=ja&gl=JP&ceid=JP%3Aja
米国債がマイナス金利になる日,https://news.google.com/articles/CBMiPGh0dHBzOi8vd3d3Lm5pa2tlaS5jb20vYXJ0aWNsZS9ER1hNWk80ODM1MTM3MFk5QTgwMEMxMDAwMDAwL9IBAA?hl=ja&gl=JP&ceid=JP%3Aja
欧州で株安・債券高加速、英国債利回りは最低に（写真＝ロイター）,https://news.google.com/articles/CBMiPGh0dHBzOi8vd3d3Lm5pa2tlaS5jb20vYXJ0aWNsZS9ER1hNWk80ODI1MDMzMFc5QTgwMEMxMDAwMDAwL9IBAA?hl=ja&gl=JP&ceid=JP%3Aja
6月の経常収支、1兆2112億円の黒字 60カ月連続黒字,https://news.google.com/articles/CBMiPGh0dHBzOi8vd3d3Lm5pa2tlaS5jb20vYXJ0aWNsZS9ER1hMQVNGTDA2SFY3X1c5QTgwMEMxMDAwMDAwL9IBAA?hl=ja&gl=JP&ceid=JP%3Aja
１９年上期の経常黒字、４．２％減＝米中摩擦響く（2019年8月8日）｜BIGLOBEニュース,https://news.google.com/articles/CBMiQWh0dHBzOi8vbmV3cy5iaWdsb2JlLm5lLmpwL2Vjb25vbXkvMDgwOC9qal8xOTA4MDhfOTc4OTczNDY4MC5odG1s0gFLaHR0cHM6Ly9uZXdzLmJpZ2xvYmUubmUuanAvc21hcnQvYW1wL2Vjb25vbXkvMDgwOC9qal8xOTA4MDhfOTc4OTczNDY4MC5odG1s?hl=ja&gl=JP&ceid=JP%3Aja
1～6月期の経常黒字4%減 アジア向け輸出が停滞,https://news.google.com/articles/CBMiPGh0dHBzOi8vd3d3Lm5pa2tlaS5jb20vYXJ0aWNsZS9ER1hNWk80ODM1MTk1MFk5QTgwMEMxTU0wMDAwL9IBAA?hl=ja&gl=JP&ceid=JP%3Aja
6月の経常収支、1兆2112億円の黒字 60カ月連続黒字,https://news.google.com/articles/CBMiPGh0dHBzOi8vd3d3Lm5pa2tlaS5jb20vYXJ0aWNsZS9ER1hMQVNGTDA2SFY3X1c5QTgwMEMxMDAwMDAwL9IBAA?hl=ja&gl=JP&ceid=JP%3Aja
１９年上期の経常黒字、４．２％減＝米中摩擦響く（2019年8月8日）｜BIGLOBEニュース,https://news.google.com/articles/CBMiQWh0dHBzOi8vbmV3cy5iaWdsb2JlLm5lLmpwL2Vjb25vbXkvMDgwOC9qal8xOTA4MDhfOTc4OTczNDY4MC5odG1s0gFLaHR0cHM6Ly9uZXdzLmJpZ2xvYmUubmUuanAvc21hcnQvYW1wL2Vjb25vbXkvMDgwOC9qal8xOTA4MDhfOTc4OTczNDY4MC5odG1s?hl=ja&gl=JP&ceid=JP%3Aja
1～6月期の経常黒字4%減 アジア向け輸出が停滞,https://news.google.com/articles/CBMiPGh0dHBzOi8vd3d3Lm5pa2tlaS5jb20vYXJ0aWNsZS9ER1hNWk80ODM1MTk1MFk5QTgwMEMxTU0wMDAwL9IBAA?hl=ja&gl=JP&ceid=JP%3Aja
１９年上期の経常黒字、４．２％減＝米中摩擦響く（2019年8月8日）｜BIGLOBEニュース,https://news.google.com/articles/CBMiQWh0dHBzOi8vbmV3cy5iaWdsb2JlLm5lLmpwL2Vjb25vbXkvMDgwOC9qal8xOTA4MDhfOTc4OTczNDY4MC5odG1s0gFLaHR0cHM6Ly9uZXdzLmJpZ2xvYmUubmUuanAvc21hcnQvYW1wL2Vjb25vbXkvMDgwOC9qal8xOTA4MDhfOTc4OTczNDY4MC5odG1s?hl=ja&gl=JP&ceid=JP%3Aja
1～6月期の経常黒字4%減 アジア向け輸出が停滞,https://news.google.com/articles/CBMiPGh0dHBzOi8vd3d3Lm5pa2tlaS5jb20vYXJ0aWNsZS9ER1hNWk80ODM1MTk1MFk5QTgwMEMxTU0wMDAwL9IBAA?hl=ja&gl=JP&ceid=JP%3Aja
サムスン、ソニーの優位崩すか－小米が画像センサーに採用,https://news.google.com/articles/CBMiQ2h0dHBzOi8vd3d3LmJsb29tYmVyZy5jby5qcC9uZXdzL2FydGljbGVzLzIwMTktMDgtMDgvUFZXNkdNNkpJSlVQMDHSAQA?hl=ja&gl=JP&ceid=JP%3Aja
サムスン、ソニーの優位崩すか－小米が画像センサーに採用,https://news.google.com/articles/CBMiQ2h0dHBzOi8vd3d3LmJsb29tYmVyZy5jby5qcC9uZXdzL2FydGljbGVzLzIwMTktMDgtMDgvUFZXNkdNNkpJSlVQMDHSAQA?hl=ja&gl=JP&ceid=JP%3Aja
ドル・円は106円31銭から105円84銭まで下落 | 2019年08月07日（水）｜リアルタイム為替ニュース,https://news.google.com/articles/CBMiM2h0dHBzOi8vemFpLmRpYW1vbmQuanAvbGlzdC9meG5ld3MvZGV0YWlsP2lkPTMyMjU5OdIBAA?hl=ja&gl=JP&ceid=JP%3Aja
ドル106円前半、ＮＺドル急落で円堅調,https://news.google.com/articles/CAIiEBrghA_Bq0lCo07zHzOmJecqGQgEKhAIACoHCAowroX-CjDCyvYCMMrd3AU?hl=ja&gl=JP&ceid=JP%3Aja
東京株、大幅続落＝３６６円安、世界経済の減速懸念－円急騰、７カ月ぶり１０５円台：時事ドットコム,https://news.google.com/articles/CAIiEG-5xjD-67y-mLieP4kDd_4qGQgEKhAIACoHCAowltHeCjCnpdYBMKKQoQM?hl=ja&gl=JP&ceid=JP%3Aja
ドル・円は106円30銭から106円63銭まで上昇 | 2019年08月06日（火）｜リアルタイム為替ニュース,https://news.google.com/articles/CBMiM2h0dHBzOi8vemFpLmRpYW1vbmQuanAvbGlzdC9meG5ld3MvZGV0YWlsP2lkPTMyMjQ5NtIBAA?hl=ja&gl=JP&ceid=JP%3Aja
正午のドルは106円前半、元安とＮＺドル安で市場心理悪化,https://news.google.com/articles/CAIiEOCDHB1L4tbnqXxRmy82TpIqGQgEKhAIACoHCAowroX-CjDCyvYCMPrc3AU?hl=ja&gl=JP&ceid=JP%3Aja
ドル・円は106円31銭から105円84銭まで下落 | 2019年08月07日（水）｜リアルタイム為替ニュース,https://news.google.com/articles/CBMiM2h0dHBzOi8vemFpLmRpYW1vbmQuanAvbGlzdC9meG5ld3MvZGV0YWlsP2lkPTMyMjU5OdIBAA?hl=ja&gl=JP&ceid=JP%3Aja
ドル106円前半、ＮＺドル急落で円堅調,https://news.google.com/articles/CAIiEBrghA_Bq0lCo07zHzOmJecqGQgEKhAIACoHCAowroX-CjDCyvYCMMrd3AU?hl=ja&gl=JP&ceid=JP%3Aja
東京株、大幅続落＝３６６円安、世界経済の減速懸念－円急騰、７カ月ぶり１０５円台：時事ドットコム,https://news.google.com/articles/CAIiEG-5xjD-67y-mLieP4kDd_4qGQgEKhAIACoHCAowltHeCjCnpdYBMKKQoQM?hl=ja&gl=JP&ceid=JP%3Aja
ドル・円は106円30銭から106円63銭まで上昇 | 2019年08月06日（火）｜リアルタイム為替ニュース,https://news.google.com/articles/CBMiM2h0dHBzOi8vemFpLmRpYW1vbmQuanAvbGlzdC9meG5ld3MvZGV0YWlsP2lkPTMyMjQ5NtIBAA?hl=ja&gl=JP&ceid=JP%3Aja
正午のドルは106円前半、元安とＮＺドル安で市場心理悪化,https://news.google.com/articles/CAIiEOCDHB1L4tbnqXxRmy82TpIqGQgEKhAIACoHCAowroX-CjDCyvYCMPrc3AU?hl=ja&gl=JP&ceid=JP%3Aja
ドル106円前半、ＮＺドル急落で円堅調,https://news.google.com/articles/CAIiEBrghA_Bq0lCo07zHzOmJecqGQgEKhAIACoHCAowroX-CjDCyvYCMMrd3AU?hl=ja&gl=JP&ceid=JP%3Aja
東京株、大幅続落＝３６６円安、世界経済の減速懸念－円急騰、７カ月ぶり１０５円台：時事ドットコム,https://news.google.com/articles/CAIiEG-5xjD-67y-mLieP4kDd_4qGQgEKhAIACoHCAowltHeCjCnpdYBMKKQoQM?hl=ja&gl=JP&ceid=JP%3Aja
ドル・円は106円30銭から106円63銭まで上昇 | 2019年08月06日（火）｜リアルタイム為替ニュース,https://news.google.com/articles/CBMiM2h0dHBzOi8vemFpLmRpYW1vbmQuanAvbGlzdC9meG5ld3MvZGV0YWlsP2lkPTMyMjQ5NtIBAA?hl=ja&gl=JP&ceid=JP%3Aja
正午のドルは106円前半、元安とＮＺドル安で市場心理悪化,https://news.google.com/articles/CAIiEOCDHB1L4tbnqXxRmy82TpIqGQgEKhAIACoHCAowroX-CjDCyvYCMPrc3AU?hl=ja&gl=JP&ceid=JP%3Aja
任天堂・ソニー・Microsoftが「ガチャの確率開示」を義務化する方針,https://news.google.com/articles/CAIiEJcxCD_Q3MxE84D12Kja1swqFwgEKg8IACoHCAow5qKhAjD39D8wgNdJ?hl=ja&gl=JP&ceid=JP%3Aja
ソニー、マイクロソフト、任天堂によるルートボックスの排出率開示に関する新たな取り組みが発表,https://news.google.com/articles/CBMiNmh0dHBzOi8vd3d3LmdhbWVzcGFyay5qcC9hcnRpY2xlLzIwMTkvMDgvMDgvOTE5ODEuaHRtbNIBOGh0dHBzOi8vcy5nYW1lc3BhcmsuanAvYXJ0aWNsZS8yMDE5LzA4LzA4LzkxOTgxLmFtcC5odG1s?hl=ja&gl=JP&ceid=JP%3Aja
任天堂、SIE、マイクロソフトの3社が有償ルートボックスの確率明記を義務化へ。米国ゲーム団体が明かす,https://news.google.com/articles/CBMiO2h0dHBzOi8vYXV0b21hdG9uLW1lZGlhLmNvbS9hcnRpY2xlcy9uZXdzanAvMjAxOTA4MDgtOTkyMDQv0gE_aHR0cHM6Ly9hdXRvbWF0b24tbWVkaWEuY29tL2FydGljbGVzL25ld3NqcC8yMDE5MDgwOC05OTIwNC9hbXAv?hl=ja&gl=JP&ceid=JP%3Aja
任天堂・ソニー・Microsoftが「ガチャの確率開示」を義務化する方針,https://news.google.com/articles/CAIiEJcxCD_Q3MxE84D12Kja1swqFwgEKg8IACoHCAow5qKhAjD39D8wgNdJ?hl=ja&gl=JP&ceid=JP%3Aja
ソニー、マイクロソフト、任天堂によるルートボックスの排出率開示に関する新たな取り組みが発表,https://news.google.com/articles/CBMiNmh0dHBzOi8vd3d3LmdhbWVzcGFyay5qcC9hcnRpY2xlLzIwMTkvMDgvMDgvOTE5ODEuaHRtbNIBOGh0dHBzOi8vcy5nYW1lc3BhcmsuanAvYXJ0aWNsZS8yMDE5LzA4LzA4LzkxOTgxLmFtcC5odG1s?hl=ja&gl=JP&ceid=JP%3Aja
任天堂、SIE、マイクロソフトの3社が有償ルートボックスの確率明記を義務化へ。米国ゲーム団体が明かす,https://news.google.com/articles/CBMiO2h0dHBzOi8vYXV0b21hdG9uLW1lZGlhLmNvbS9hcnRpY2xlcy9uZXdzanAvMjAxOTA4MDgtOTkyMDQv0gE_aHR0cHM6Ly9hdXRvbWF0b24tbWVkaWEuY29tL2FydGljbGVzL25ld3NqcC8yMDE5MDgwOC05OTIwNC9hbXAv?hl=ja&gl=JP&ceid=JP%3Aja
ソニー、マイクロソフト、任天堂によるルートボックスの排出率開示に関する新たな取り組みが発表,https://news.google.com/articles/CBMiNmh0dHBzOi8vd3d3LmdhbWVzcGFyay5qcC9hcnRpY2xlLzIwMTkvMDgvMDgvOTE5ODEuaHRtbNIBOGh0dHBzOi8vcy5nYW1lc3BhcmsuanAvYXJ0aWNsZS8yMDE5LzA4LzA4LzkxOTgxLmFtcC5odG1s?hl=ja&gl=JP&ceid=JP%3Aja
任天堂、SIE、マイクロソフトの3社が有償ルートボックスの確率明記を義務化へ。米国ゲーム団体が明かす,https://news.google.com/articles/CBMiO2h0dHBzOi8vYXV0b21hdG9uLW1lZGlhLmNvbS9hcnRpY2xlcy9uZXdzanAvMjAxOTA4MDgtOTkyMDQv0gE_aHR0cHM6Ly9hdXRvbWF0b24tbWVkaWEuY29tL2FydGljbGVzL25ld3NqcC8yMDE5MDgwOC05OTIwNC9hbXAv?hl=ja&gl=JP&ceid=JP%3Aja
【ポケモンGO】9月コミュニティ・デイは「ナエトル」大量発生! 9月15日の11時から,https://news.google.com/articles/CBMiQGh0dHA6Ly93d3cuYXBwYmFuay5uZXQvMjAxOS8wOC8wOC9pcGhvbmUtYXBwbGljYXRpb24vMTc4MDQzNy5waHDSAUZodHRwOi8vd3d3LmFwcGJhbmsubmV0LzIwMTkvMDgvMDgvaXBob25lLWFwcGxpY2F0aW9uLzE3ODA0MzcucGhwP2FtcD0x?hl=ja&gl=JP&ceid=JP%3Aja
【ポケモンGO】9月コミュニティ・デイは「ナエトル」大量発生! 9月15日の11時から,https://news.google.com/articles/CBMiQGh0dHA6Ly93d3cuYXBwYmFuay5uZXQvMjAxOS8wOC8wOC9pcGhvbmUtYXBwbGljYXRpb24vMTc4MDQzNy5waHDSAUZodHRwOi8vd3d3LmFwcGJhbmsubmV0LzIwMTkvMDgvMDgvaXBob25lLWFwcGxpY2F0aW9uLzE3ODA0MzcucGhwP2FtcD0x?hl=ja&gl=JP&ceid=JP%3Aja
Image: Made by Google/Twitter,https://news.google.com/articles/CAIiEGnGJnShwWmkzVrtxcWMHUkqGAgEKhAIACoHCAowz7HbCjCk68sBMIuJTA?hl=ja&gl=JP&ceid=JP%3Aja
Pixel 4新情報。90Hzスクリーンや6GB RAM、｢一眼レフっぽい｣アクセサリも!?,https://news.google.com/articles/CAIiEGnGJnShwWmkzVrtxcWMHUkqGAgEKhAIACoHCAowz7HbCjCk68sBMIuJTA?hl=ja&gl=JP&ceid=JP%3Aja
Googleの｢Pixel 4｣と｢Pixel 4 XL｣には90Hzの｢Smooth Display｣が搭載,https://news.google.com/articles/CBMiNmh0dHBzOi8vd3d3LmhlbGVudGVjaC5uZXQvYW5kcm9pZC9nb29nbGUvMjAxOS8wOC84NjI2L9IBPGh0dHBzOi8vd3d3LmhlbGVudGVjaC5uZXQvYW5kcm9pZC9nb29nbGUvMjAxOS8wOC84NjI2Lz9hbXA9MQ?hl=ja&gl=JP&ceid=JP%3Aja
Image: Made by Google/Twitter,https://news.google.com/articles/CAIiEGnGJnShwWmkzVrtxcWMHUkqGAgEKhAIACoHCAowz7HbCjCk68sBMIuJTA?hl=ja&gl=JP&ceid=JP%3Aja
Pixel 4新情報。90Hzスクリーンや6GB RAM、｢一眼レフっぽい｣アクセサリも!?,https://news.google.com/articles/CAIiEGnGJnShwWmkzVrtxcWMHUkqGAgEKhAIACoHCAowz7HbCjCk68sBMIuJTA?hl=ja&gl=JP&ceid=JP%3Aja
Googleの｢Pixel 4｣と｢Pixel 4 XL｣には90Hzの｢Smooth Display｣が搭載,https://news.google.com/articles/CBMiNmh0dHBzOi8vd3d3LmhlbGVudGVjaC5uZXQvYW5kcm9pZC9nb29nbGUvMjAxOS8wOC84NjI2L9IBPGh0dHBzOi8vd3d3LmhlbGVudGVjaC5uZXQvYW5kcm9pZC9nb29nbGUvMjAxOS8wOC84NjI2Lz9hbXA9MQ?hl=ja&gl=JP&ceid=JP%3Aja
Googleの｢Pixel 4｣と｢Pixel 4 XL｣には90Hzの｢Smooth Display｣が搭載,https://news.google.com/articles/CBMiNmh0dHBzOi8vd3d3LmhlbGVudGVjaC5uZXQvYW5kcm9pZC9nb29nbGUvMjAxOS8wOC84NjI2L9IBPGh0dHBzOi8vd3d3LmhlbGVudGVjaC5uZXQvYW5kcm9pZC9nb29nbGUvMjAxOS8wOC84NjI2Lz9hbXA9MQ?hl=ja&gl=JP&ceid=JP%3Aja
Xiaomiが6400万画素カメラのスマホ発売 1億画素カメラも予定 - エキサイトニュース,https://news.google.com/articles/CBMiM2h0dHBzOi8vd3d3LmV4Y2l0ZS5jby5qcC9uZXdzL2FydGljbGUvQnV6emFwXzU4MTM4L9IBN2h0dHBzOi8vd3d3LmV4Y2l0ZS5jby5qcC9uZXdzL2FydGljbGUtYW1wL0J1enphcF81ODEzOC8?hl=ja&gl=JP&ceid=JP%3Aja
Xiaomi、世界初の1億画素カメラ搭載スマホを予告,https://news.google.com/articles/CBMiNWh0dHBzOi8vcGMud2F0Y2guaW1wcmVzcy5jby5qcC9kb2NzL25ld3MvMTIwMDcxMi5odG1s0gFAaHR0cHM6Ly9wYy53YXRjaC5pbXByZXNzLmNvLmpwL2RvY3MvbmV3cy8xMjAwLzcxMi9hbXAuaW5kZXguaHRtbA?hl=ja&gl=JP&ceid=JP%3Aja
Xiaomiが6400万画素カメラのスマホ発売 1億画素カメラも予定 - エキサイトニュース,https://news.google.com/articles/CBMiM2h0dHBzOi8vd3d3LmV4Y2l0ZS5jby5qcC9uZXdzL2FydGljbGUvQnV6emFwXzU4MTM4L9IBN2h0dHBzOi8vd3d3LmV4Y2l0ZS5jby5qcC9uZXdzL2FydGljbGUtYW1wL0J1enphcF81ODEzOC8?hl=ja&gl=JP&ceid=JP%3Aja
Xiaomi、世界初の1億画素カメラ搭載スマホを予告,https://news.google.com/articles/CBMiNWh0dHBzOi8vcGMud2F0Y2guaW1wcmVzcy5jby5qcC9kb2NzL25ld3MvMTIwMDcxMi5odG1s0gFAaHR0cHM6Ly9wYy53YXRjaC5pbXByZXNzLmNvLmpwL2RvY3MvbmV3cy8xMjAwLzcxMi9hbXAuaW5kZXguaHRtbA?hl=ja&gl=JP&ceid=JP%3Aja
Xiaomi、世界初の1億画素カメラ搭載スマホを予告,https://news.google.com/articles/CBMiNWh0dHBzOi8vcGMud2F0Y2guaW1wcmVzcy5jby5qcC9kb2NzL25ld3MvMTIwMDcxMi5odG1s0gFAaHR0cHM6Ly9wYy53YXRjaC5pbXByZXNzLmNvLmpwL2RvY3MvbmV3cy8xMjAwLzcxMi9hbXAuaW5kZXguaHRtbA?hl=ja&gl=JP&ceid=JP%3Aja
宮迫博之、明石家さんまの「内定取り消し」発言を受け世間は意外な反応,https://news.google.com/articles/CBMiH2h0dHBzOi8vYXNhZ2VpLmJpei9leGNlcnB0LzU5OTHSASVodHRwczovL2FzYWdlaS5iaXovZXhjZXJwdC81OTkxP2FtcD0x?hl=ja&gl=JP&ceid=JP%3Aja
坂上忍、さんまの「他を当たって欲しい」発言に「急にハシゴ外された感じ」,https://news.google.com/articles/CAIiEPQUVNGNLKaudepQ_R7DY1cqGQgEKhAIACoHCAowscfeCjCuj9YBMMWlogM?hl=ja&gl=JP&ceid=JP%3Aja
「宮迫は従っていた状態」!? 蛍原徹、「ピン芸人でも心配ない」と業界関係者が語るワケ｜サイゾーウーマン,https://news.google.com/articles/CBMiNGh0dHBzOi8vd3d3LmN5em93b21hbi5jb20vMjAxOS8wOC9wb3N0XzI0NTI3OV8xLmh0bWzSAThodHRwczovL3d3dy5jeXpvd29tYW4uY29tLzIwMTkvMDgvcG9zdF8yNDUyNzlfMS5odG1sL2FtcA?hl=ja&gl=JP&ceid=JP%3Aja
坂上忍、さんまの「他を当たって欲しい」発言に「急にハシゴ外された感じ」（2019年8月7日）｜BIGLOBEニュース,https://news.google.com/articles/CBMiSGh0dHBzOi8vbmV3cy5iaWdsb2JlLm5lLmpwL2VudGVydGFpbm1lbnQvMDgwNy9yYmJfMTkwODA3XzUzMzM3NzQ4MzAuaHRtbNIBUmh0dHBzOi8vbmV3cy5iaWdsb2JlLm5lLmpwL3NtYXJ0L2FtcC9lbnRlcnRhaW5tZW50LzA4MDcvcmJiXzE5MDgwN181MzMzNzc0ODMwLmh0bWw?hl=ja&gl=JP&ceid=JP%3Aja
坂上忍、蛍原にメールしていた「大丈夫？って聞いたら、『今回はちょっと落ち込んでます』って返ってきた」,https://news.google.com/articles/CBMiNGh0dHBzOi8vaG9jaGkubmV3cy9hcnRpY2xlcy8yMDE5MDgwNy1PSFQxVDUwMDQ1Lmh0bWzSAThodHRwczovL2hvY2hpLm5ld3MvYW1wL2FydGljbGVzLzIwMTkwODA3LU9IVDFUNTAwNDUuaHRtbA?hl=ja&gl=JP&ceid=JP%3Aja
宮迫博之、明石家さんまの「内定取り消し」発言を受け世間は意外な反応,https://news.google.com/articles/CBMiH2h0dHBzOi8vYXNhZ2VpLmJpei9leGNlcnB0LzU5OTHSASVodHRwczovL2FzYWdlaS5iaXovZXhjZXJwdC81OTkxP2FtcD0x?hl=ja&gl=JP&ceid=JP%3Aja
坂上忍、さんまの「他を当たって欲しい」発言に「急にハシゴ外された感じ」,https://news.google.com/articles/CAIiEPQUVNGNLKaudepQ_R7DY1cqGQgEKhAIACoHCAowscfeCjCuj9YBMMWlogM?hl=ja&gl=JP&ceid=JP%3Aja
「宮迫は従っていた状態」!? 蛍原徹、「ピン芸人でも心配ない」と業界関係者が語るワケ｜サイゾーウーマン,https://news.google.com/articles/CBMiNGh0dHBzOi8vd3d3LmN5em93b21hbi5jb20vMjAxOS8wOC9wb3N0XzI0NTI3OV8xLmh0bWzSAThodHRwczovL3d3dy5jeXpvd29tYW4uY29tLzIwMTkvMDgvcG9zdF8yNDUyNzlfMS5odG1sL2FtcA?hl=ja&gl=JP&ceid=JP%3Aja
坂上忍、さんまの「他を当たって欲しい」発言に「急にハシゴ外された感じ」（2019年8月7日）｜BIGLOBEニュース,https://news.google.com/articles/CBMiSGh0dHBzOi8vbmV3cy5iaWdsb2JlLm5lLmpwL2VudGVydGFpbm1lbnQvMDgwNy9yYmJfMTkwODA3XzUzMzM3NzQ4MzAuaHRtbNIBUmh0dHBzOi8vbmV3cy5iaWdsb2JlLm5lLmpwL3NtYXJ0L2FtcC9lbnRlcnRhaW5tZW50LzA4MDcvcmJiXzE5MDgwN181MzMzNzc0ODMwLmh0bWw?hl=ja&gl=JP&ceid=JP%3Aja
坂上忍、蛍原にメールしていた「大丈夫？って聞いたら、『今回はちょっと落ち込んでます』って返ってきた」,https://news.google.com/articles/CBMiNGh0dHBzOi8vaG9jaGkubmV3cy9hcnRpY2xlcy8yMDE5MDgwNy1PSFQxVDUwMDQ1Lmh0bWzSAThodHRwczovL2hvY2hpLm5ld3MvYW1wL2FydGljbGVzLzIwMTkwODA3LU9IVDFUNTAwNDUuaHRtbA?hl=ja&gl=JP&ceid=JP%3Aja
坂上忍、さんまの「他を当たって欲しい」発言に「急にハシゴ外された感じ」,https://news.google.com/articles/CAIiEPQUVNGNLKaudepQ_R7DY1cqGQgEKhAIACoHCAowscfeCjCuj9YBMMWlogM?hl=ja&gl=JP&ceid=JP%3Aja
「宮迫は従っていた状態」!? 蛍原徹、「ピン芸人でも心配ない」と業界関係者が語るワケ｜サイゾーウーマン,https://news.google.com/articles/CBMiNGh0dHBzOi8vd3d3LmN5em93b21hbi5jb20vMjAxOS8wOC9wb3N0XzI0NTI3OV8xLmh0bWzSAThodHRwczovL3d3dy5jeXpvd29tYW4uY29tLzIwMTkvMDgvcG9zdF8yNDUyNzlfMS5odG1sL2FtcA?hl=ja&gl=JP&ceid=JP%3Aja
坂上忍、さんまの「他を当たって欲しい」発言に「急にハシゴ外された感じ」（2019年8月7日）｜BIGLOBEニュース,https://news.google.com/articles/CBMiSGh0dHBzOi8vbmV3cy5iaWdsb2JlLm5lLmpwL2VudGVydGFpbm1lbnQvMDgwNy9yYmJfMTkwODA3XzUzMzM3NzQ4MzAuaHRtbNIBUmh0dHBzOi8vbmV3cy5iaWdsb2JlLm5lLmpwL3NtYXJ0L2FtcC9lbnRlcnRhaW5tZW50LzA4MDcvcmJiXzE5MDgwN181MzMzNzc0ODMwLmh0bWw?hl=ja&gl=JP&ceid=JP%3Aja
坂上忍、蛍原にメールしていた「大丈夫？って聞いたら、『今回はちょっと落ち込んでます』って返ってきた」,https://news.google.com/articles/CBMiNGh0dHBzOi8vaG9jaGkubmV3cy9hcnRpY2xlcy8yMDE5MDgwNy1PSFQxVDUwMDQ1Lmh0bWzSAThodHRwczovL2hvY2hpLm5ld3MvYW1wL2FydGljbGVzLzIwMTkwODA3LU9IVDFUNTAwNDUuaHRtbA?hl=ja&gl=JP&ceid=JP%3Aja
「ちびまる子ちゃん」前髪のギザギザは途中で増えた 監督が明かす,https://news.google.com/articles/CBMiMmh0dHBzOi8vbmV3cy5saXZlZG9vci5jb20vYXJ0aWNsZS9kZXRhaWwvMTY4OTczODgv0gE7aHR0cHM6Ly9uZXdzLmxpdmVkb29yLmNvbS9saXRlL2FydGljbGVfZGV0YWlsX2FtcC8xNjg5NzM4OC8?hl=ja&gl=JP&ceid=JP%3Aja
【イベントレポート】「まる子ちゃん」展、さくらももこ手作りの品々に大島美幸「すぐ商品化できそう」,https://news.google.com/articles/CAIiEPPcbeXILnGGKavbrKcgWX4qGQgEKhAIACoHCAownbDeCjDl4dUBMKCvogM?hl=ja&gl=JP&ceid=JP%3Aja
大島美幸「男を立てて」滝川クリステルにエール,https://news.google.com/articles/CBMiRGh0dHBzOi8vd3d3Lm5pa2thbnNwb3J0cy5jb20vZW50ZXJ0YWlubWVudC9uZXdzLzIwMTkwODA4MDAwMDIxNS5odG1s0gFKaHR0cHM6Ly93d3cubmlra2Fuc3BvcnRzLmNvbS9tL2VudGVydGFpbm1lbnQvbmV3cy9hbXAvMjAxOTA4MDgwMDAwMjE1Lmh0bWw?hl=ja&gl=JP&ceid=JP%3Aja
「ちびまる子ちゃん」前髪のギザギザは途中で増えた 監督が明かす,https://news.google.com/articles/CBMiMmh0dHBzOi8vbmV3cy5saXZlZG9vci5jb20vYXJ0aWNsZS9kZXRhaWwvMTY4OTczODgv0gE7aHR0cHM6Ly9uZXdzLmxpdmVkb29yLmNvbS9saXRlL2FydGljbGVfZGV0YWlsX2FtcC8xNjg5NzM4OC8?hl=ja&gl=JP&ceid=JP%3Aja
【イベントレポート】「まる子ちゃん」展、さくらももこ手作りの品々に大島美幸「すぐ商品化できそう」,https://news.google.com/articles/CAIiEPPcbeXILnGGKavbrKcgWX4qGQgEKhAIACoHCAownbDeCjDl4dUBMKCvogM?hl=ja&gl=JP&ceid=JP%3Aja
大島美幸「男を立てて」滝川クリステルにエール,https://news.google.com/articles/CBMiRGh0dHBzOi8vd3d3Lm5pa2thbnNwb3J0cy5jb20vZW50ZXJ0YWlubWVudC9uZXdzLzIwMTkwODA4MDAwMDIxNS5odG1s0gFKaHR0cHM6Ly93d3cubmlra2Fuc3BvcnRzLmNvbS9tL2VudGVydGFpbm1lbnQvbmV3cy9hbXAvMjAxOTA4MDgwMDAwMjE1Lmh0bWw?hl=ja&gl=JP&ceid=JP%3Aja
【イベントレポート】「まる子ちゃん」展、さくらももこ手作りの品々に大島美幸「すぐ商品化できそう」,https://news.google.com/articles/CAIiEPPcbeXILnGGKavbrKcgWX4qGQgEKhAIACoHCAownbDeCjDl4dUBMKCvogM?hl=ja&gl=JP&ceid=JP%3Aja
大島美幸「男を立てて」滝川クリステルにエール,https://news.google.com/articles/CBMiRGh0dHBzOi8vd3d3Lm5pa2thbnNwb3J0cy5jb20vZW50ZXJ0YWlubWVudC9uZXdzLzIwMTkwODA4MDAwMDIxNS5odG1s0gFKaHR0cHM6Ly93d3cubmlra2Fuc3BvcnRzLmNvbS9tL2VudGVydGFpbm1lbnQvbmV3cy9hbXAvMjAxOTA4MDgwMDAwMjE1Lmh0bWw?hl=ja&gl=JP&ceid=JP%3Aja
速水もこみち＆平山あやが結婚「温かく見守って」【コメント全文】,https://news.google.com/articles/CBMiJmh0dHBzOi8vd3d3Lm9yaWNvbi5jby5qcC9uZXdzLzIxNDE5MTEv0gEA?hl=ja&gl=JP&ceid=JP%3Aja
速水もこみち＆平山あやが結婚「温かく見守って」【コメント全文】,https://news.google.com/articles/CBMiJmh0dHBzOi8vd3d3Lm9yaWNvbi5jby5qcC9uZXdzLzIxNDE5MTEv0gEA?hl=ja&gl=JP&ceid=JP%3Aja
鈴木おさむ、フジ『ブス恋』リメークに批判噴出！ 「価値観の変化に気づいてない」と指摘｜サイゾーウーマン,https://news.google.com/articles/CBMiNGh0dHBzOi8vd3d3LmN5em93b21hbi5jb20vMjAxOS8wOC9wb3N0XzI0NTM5Nl8xLmh0bWzSAThodHRwczovL3d3dy5jeXpvd29tYW4uY29tLzIwMTkvMDgvcG9zdF8yNDUzOTZfMS5odG1sL2FtcA?hl=ja&gl=JP&ceid=JP%3Aja
ブスの瞳に恋してる：EXILE NAOTO×富田望生で13年ぶりにドラマ化 小宮有紗、佐藤晴美も,https://news.google.com/articles/CBMiO2h0dHBzOi8vbWFudGFuLXdlYi5qcC9hcnRpY2xlLzIwMTkwODA2ZG9nMDBtMjAwMDUyMDAwYy5odG1s0gE_aHR0cHM6Ly9tYW50YW4td2ViLmpwL2FtcC9hcnRpY2xlLzIwMTkwODA2ZG9nMDBtMjAwMDUyMDAwYy5odG1s?hl=ja&gl=JP&ceid=JP%3Aja
EXILE NAOTOが2019年版「ブス恋」で主演、主題歌はDream Amiが歌う「恋のつぼみ」,https://news.google.com/articles/CAIiEPjot3pBydo0oEL3O0qaH2YqGQgEKhAIACoHCAownbDeCjDl4dUBMJCvogM?hl=ja&gl=JP&ceid=JP%3Aja
『ブスの瞳に恋してる』13年ぶりドラマ化 主演にNAOTO、ヒロインは富田望生,https://news.google.com/articles/CAIiEExDUzoWroZ3FyKHfasLbkYqGQgEKhAIACoHCAow7bPeCjCj8NUBMKCrpgM?hl=ja&gl=JP&ceid=JP%3Aja
「ブスの瞳に恋してる」新たなラブストーリーに、主演はEXILE NAOTO,https://news.google.com/articles/CBMiJGh0dHBzOi8vbmV3cy5kd2FuZ28uanAvdHYvMzk5ODQtMTkwONIBAA?hl=ja&gl=JP&ceid=JP%3Aja
鈴木おさむ、フジ『ブス恋』リメークに批判噴出！ 「価値観の変化に気づいてない」と指摘｜サイゾーウーマン,https://news.google.com/articles/CBMiNGh0dHBzOi8vd3d3LmN5em93b21hbi5jb20vMjAxOS8wOC9wb3N0XzI0NTM5Nl8xLmh0bWzSAThodHRwczovL3d3dy5jeXpvd29tYW4uY29tLzIwMTkvMDgvcG9zdF8yNDUzOTZfMS5odG1sL2FtcA?hl=ja&gl=JP&ceid=JP%3Aja
ブスの瞳に恋してる：EXILE NAOTO×富田望生で13年ぶりにドラマ化 小宮有紗、佐藤晴美も,https://news.google.com/articles/CBMiO2h0dHBzOi8vbWFudGFuLXdlYi5qcC9hcnRpY2xlLzIwMTkwODA2ZG9nMDBtMjAwMDUyMDAwYy5odG1s0gE_aHR0cHM6Ly9tYW50YW4td2ViLmpwL2FtcC9hcnRpY2xlLzIwMTkwODA2ZG9nMDBtMjAwMDUyMDAwYy5odG1s?hl=ja&gl=JP&ceid=JP%3Aja
EXILE NAOTOが2019年版「ブス恋」で主演、主題歌はDream Amiが歌う「恋のつぼみ」,https://news.google.com/articles/CAIiEPjot3pBydo0oEL3O0qaH2YqGQgEKhAIACoHCAownbDeCjDl4dUBMJCvogM?hl=ja&gl=JP&ceid=JP%3Aja
『ブスの瞳に恋してる』13年ぶりドラマ化 主演にNAOTO、ヒロインは富田望生,https://news.google.com/articles/CAIiEExDUzoWroZ3FyKHfasLbkYqGQgEKhAIACoHCAow7bPeCjCj8NUBMKCrpgM?hl=ja&gl=JP&ceid=JP%3Aja
「ブスの瞳に恋してる」新たなラブストーリーに、主演はEXILE NAOTO,https://news.google.com/articles/CBMiJGh0dHBzOi8vbmV3cy5kd2FuZ28uanAvdHYvMzk5ODQtMTkwONIBAA?hl=ja&gl=JP&ceid=JP%3Aja
ブスの瞳に恋してる：EXILE NAOTO×富田望生で13年ぶりにドラマ化 小宮有紗、佐藤晴美も,https://news.google.com/articles/CBMiO2h0dHBzOi8vbWFudGFuLXdlYi5qcC9hcnRpY2xlLzIwMTkwODA2ZG9nMDBtMjAwMDUyMDAwYy5odG1s0gE_aHR0cHM6Ly9tYW50YW4td2ViLmpwL2FtcC9hcnRpY2xlLzIwMTkwODA2ZG9nMDBtMjAwMDUyMDAwYy5odG1s?hl=ja&gl=JP&ceid=JP%3Aja
EXILE NAOTOが2019年版「ブス恋」で主演、主題歌はDream Amiが歌う「恋のつぼみ」,https://news.google.com/articles/CAIiEPjot3pBydo0oEL3O0qaH2YqGQgEKhAIACoHCAownbDeCjDl4dUBMJCvogM?hl=ja&gl=JP&ceid=JP%3Aja
『ブスの瞳に恋してる』13年ぶりドラマ化 主演にNAOTO、ヒロインは富田望生,https://news.google.com/articles/CAIiEExDUzoWroZ3FyKHfasLbkYqGQgEKhAIACoHCAow7bPeCjCj8NUBMKCrpgM?hl=ja&gl=JP&ceid=JP%3Aja
「ブスの瞳に恋してる」新たなラブストーリーに、主演はEXILE NAOTO,https://news.google.com/articles/CBMiJGh0dHBzOi8vbmV3cy5kd2FuZ28uanAvdHYvMzk5ODQtMTkwONIBAA?hl=ja&gl=JP&ceid=JP%3Aja
久保がカスティージャデビュー！ 同期入団の“ニューネイマール”が輝きを放つ,https://news.google.com/articles/CAIiEK15bRnWp-xQZZbtfmDSfW8qGQgEKhAIACoHCAowssfeCjDcktYBMJL7iAM?hl=ja&gl=JP&ceid=JP%3Aja
レアル久保、1部バジャドリードへ期限付き移籍か スペイン紙報道「レアルが提案を承認」（Football ZONE web）,https://news.google.com/articles/CBMiSGh0dHBzOi8vaGVhZGxpbmVzLnlhaG9vLmNvLmpwL2FydGljbGU_YT0yMDE5MDgwOC0wMDIwOTI0MC1zb2NjZXJtenctc29jY9IBAA?hl=ja&gl=JP&ceid=JP%3Aja
久保建英、レアル遠征召集外はプラン通り チーム状況に不満なメディアやファンが過度な期待,https://news.google.com/articles/CBMiNGh0dHBzOi8vaG9jaGkubmV3cy9hcnRpY2xlcy8yMDE5MDgwNy1PSFQxVDUwMzA1Lmh0bWzSAThodHRwczovL2hvY2hpLm5ld3MvYW1wL2FydGljbGVzLzIwMTkwODA3LU9IVDFUNTAzMDUuaHRtbA?hl=ja&gl=JP&ceid=JP%3Aja
久保建英、バジャドリーにレンタル移籍か。オーナーはロナウド氏,https://news.google.com/articles/CBMiNWh0dHBzOi8vd3d3LmZvb3RiYWxsY2hhbm5lbC5qcC8yMDE5LzA4LzA4L3Bvc3QzMzM1ODEv0gEA?hl=ja&gl=JP&ceid=JP%3Aja
久保建英がスペイン１部バジャドリーにレンタル移籍へ！地元メディアが報じる（SOCCER DIGEST Web）,https://news.google.com/articles/CBMiR2h0dHBzOi8vaGVhZGxpbmVzLnlhaG9vLmNvLmpwL2FydGljbGU_YT0yMDE5MDgwOC0wMDA2MjUzMi1zZGlnZXN0dy1zb2Nj0gEA?hl=ja&gl=JP&ceid=JP%3Aja
久保がカスティージャデビュー！ 同期入団の“ニューネイマール”が輝きを放つ,https://news.google.com/articles/CAIiEK15bRnWp-xQZZbtfmDSfW8qGQgEKhAIACoHCAowssfeCjDcktYBMJL7iAM?hl=ja&gl=JP&ceid=JP%3Aja
レアル久保、1部バジャドリードへ期限付き移籍か スペイン紙報道「レアルが提案を承認」（Football ZONE web）,https://news.google.com/articles/CBMiSGh0dHBzOi8vaGVhZGxpbmVzLnlhaG9vLmNvLmpwL2FydGljbGU_YT0yMDE5MDgwOC0wMDIwOTI0MC1zb2NjZXJtenctc29jY9IBAA?hl=ja&gl=JP&ceid=JP%3Aja
久保建英、レアル遠征召集外はプラン通り チーム状況に不満なメディアやファンが過度な期待,https://news.google.com/articles/CBMiNGh0dHBzOi8vaG9jaGkubmV3cy9hcnRpY2xlcy8yMDE5MDgwNy1PSFQxVDUwMzA1Lmh0bWzSAThodHRwczovL2hvY2hpLm5ld3MvYW1wL2FydGljbGVzLzIwMTkwODA3LU9IVDFUNTAzMDUuaHRtbA?hl=ja&gl=JP&ceid=JP%3Aja
久保建英、バジャドリーにレンタル移籍か。オーナーはロナウド氏,https://news.google.com/articles/CBMiNWh0dHBzOi8vd3d3LmZvb3RiYWxsY2hhbm5lbC5qcC8yMDE5LzA4LzA4L3Bvc3QzMzM1ODEv0gEA?hl=ja&gl=JP&ceid=JP%3Aja
久保建英がスペイン１部バジャドリーにレンタル移籍へ！地元メディアが報じる（SOCCER DIGEST Web）,https://news.google.com/articles/CBMiR2h0dHBzOi8vaGVhZGxpbmVzLnlhaG9vLmNvLmpwL2FydGljbGU_YT0yMDE5MDgwOC0wMDA2MjUzMi1zZGlnZXN0dy1zb2Nj0gEA?hl=ja&gl=JP&ceid=JP%3Aja
レアル久保、1部バジャドリードへ期限付き移籍か スペイン紙報道「レアルが提案を承認」（Football ZONE web）,https://news.google.com/articles/CBMiSGh0dHBzOi8vaGVhZGxpbmVzLnlhaG9vLmNvLmpwL2FydGljbGU_YT0yMDE5MDgwOC0wMDIwOTI0MC1zb2NjZXJtenctc29jY9IBAA?hl=ja&gl=JP&ceid=JP%3Aja
久保建英、レアル遠征召集外はプラン通り チーム状況に不満なメディアやファンが過度な期待,https://news.google.com/articles/CBMiNGh0dHBzOi8vaG9jaGkubmV3cy9hcnRpY2xlcy8yMDE5MDgwNy1PSFQxVDUwMzA1Lmh0bWzSAThodHRwczovL2hvY2hpLm5ld3MvYW1wL2FydGljbGVzLzIwMTkwODA3LU9IVDFUNTAzMDUuaHRtbA?hl=ja&gl=JP&ceid=JP%3Aja
久保建英、バジャドリーにレンタル移籍か。オーナーはロナウド氏,https://news.google.com/articles/CBMiNWh0dHBzOi8vd3d3LmZvb3RiYWxsY2hhbm5lbC5qcC8yMDE5LzA4LzA4L3Bvc3QzMzM1ODEv0gEA?hl=ja&gl=JP&ceid=JP%3Aja
久保建英がスペイン１部バジャドリーにレンタル移籍へ！地元メディアが報じる（SOCCER DIGEST Web）,https://news.google.com/articles/CBMiR2h0dHBzOi8vaGVhZGxpbmVzLnlhaG9vLmNvLmpwL2FydGljbGU_YT0yMDE5MDgwOC0wMDA2MjUzMi1zZGlnZXN0dy1zb2Nj0gEA?hl=ja&gl=JP&ceid=JP%3Aja
明徳義塾－藤蔭ほか 智弁和歌山は快勝／速報中 - 高校野球,https://news.google.com/articles/CBMiSmh0dHBzOi8vd3d3Lm5pa2thbnNwb3J0cy5jb20vYmFzZWJhbGwvaGlnaHNjaG9vbC9uZXdzLzIwMTkwODA4MDAwMDA2MC5odG1s0gEA?hl=ja&gl=JP&ceid=JP%3Aja
智弁和歌山 正捕手・東妻が攻守で躍動！ 元阪神・中谷監督に“夏1勝”届けた,https://news.google.com/articles/CBMiMmh0dHBzOi8vbmV3cy5saXZlZG9vci5jb20vYXJ0aWNsZS9kZXRhaWwvMTY4OTc5OTIv0gE7aHR0cHM6Ly9uZXdzLmxpdmVkb29yLmNvbS9saXRlL2FydGljbGVfZGV0YWlsX2FtcC8xNjg5Nzk5Mi8?hl=ja&gl=JP&ceid=JP%3Aja
【速報中】明徳義塾ｖｓ藤蔭、前橋育英ｖｓ国学院久我山ほか／甲子園第３日,https://news.google.com/articles/CBMiR2h0dHBzOi8vd3d3LnNhbnNwby5jb20vYmFzZWJhbGwvbmV3cy8yMDE5MDgwOC9oaWcxOTA4MDgwNzMwMDAxMy1uMS5odG1s0gFFaHR0cHM6Ly93d3cuc2Fuc3BvLmNvbS9iYXNlYmFsbC9hbXAvMjAxOTA4MDgvaGlnMTkwODA4MDczMDAwMTMtYS5odG1s?hl=ja&gl=JP&ceid=JP%3Aja
智弁和歌山初戦突破 中谷監督、夏の甲子園初陣飾る,https://news.google.com/articles/CBMiSmh0dHBzOi8vd3d3Lm5pa2thbnNwb3J0cy5jb20vYmFzZWJhbGwvaGlnaHNjaG9vbC9uZXdzLzIwMTkwODA4MDAwMDIwOS5odG1s0gFQaHR0cHM6Ly93d3cubmlra2Fuc3BvcnRzLmNvbS9tL2Jhc2ViYWxsL2hpZ2hzY2hvb2wvbmV3cy9hbXAvMjAxOTA4MDgwMDAwMjA5Lmh0bWw?hl=ja&gl=JP&ceid=JP%3Aja
智弁和歌山、元巨人の中谷監督が夏の甲子園初勝利…米子東は３３年ぶり夏白星＆甲子園４元号勝利一番乗りならず,https://news.google.com/articles/CBMiNGh0dHBzOi8vaG9jaGkubmV3cy9hcnRpY2xlcy8yMDE5MDgwOC1PSFQxVDUwMDYxLmh0bWzSAThodHRwczovL2hvY2hpLm5ld3MvYW1wL2FydGljbGVzLzIwMTkwODA4LU9IVDFUNTAwNjEuaHRtbA?hl=ja&gl=JP&ceid=JP%3Aja
明徳義塾－藤蔭ほか 智弁和歌山は快勝／速報中 - 高校野球,https://news.google.com/articles/CBMiSmh0dHBzOi8vd3d3Lm5pa2thbnNwb3J0cy5jb20vYmFzZWJhbGwvaGlnaHNjaG9vbC9uZXdzLzIwMTkwODA4MDAwMDA2MC5odG1s0gEA?hl=ja&gl=JP&ceid=JP%3Aja
智弁和歌山 正捕手・東妻が攻守で躍動！ 元阪神・中谷監督に“夏1勝”届けた,https://news.google.com/articles/CBMiMmh0dHBzOi8vbmV3cy5saXZlZG9vci5jb20vYXJ0aWNsZS9kZXRhaWwvMTY4OTc5OTIv0gE7aHR0cHM6Ly9uZXdzLmxpdmVkb29yLmNvbS9saXRlL2FydGljbGVfZGV0YWlsX2FtcC8xNjg5Nzk5Mi8?hl=ja&gl=JP&ceid=JP%3Aja
【速報中】明徳義塾ｖｓ藤蔭、前橋育英ｖｓ国学院久我山ほか／甲子園第３日,https://news.google.com/articles/CBMiR2h0dHBzOi8vd3d3LnNhbnNwby5jb20vYmFzZWJhbGwvbmV3cy8yMDE5MDgwOC9oaWcxOTA4MDgwNzMwMDAxMy1uMS5odG1s0gFFaHR0cHM6Ly93d3cuc2Fuc3BvLmNvbS9iYXNlYmFsbC9hbXAvMjAxOTA4MDgvaGlnMTkwODA4MDczMDAwMTMtYS5odG1s?hl=ja&gl=JP&ceid=JP%3Aja
智弁和歌山初戦突破 中谷監督、夏の甲子園初陣飾る,https://news.google.com/articles/CBMiSmh0dHBzOi8vd3d3Lm5pa2thbnNwb3J0cy5jb20vYmFzZWJhbGwvaGlnaHNjaG9vbC9uZXdzLzIwMTkwODA4MDAwMDIwOS5odG1s0gFQaHR0cHM6Ly93d3cubmlra2Fuc3BvcnRzLmNvbS9tL2Jhc2ViYWxsL2hpZ2hzY2hvb2wvbmV3cy9hbXAvMjAxOTA4MDgwMDAwMjA5Lmh0bWw?hl=ja&gl=JP&ceid=JP%3Aja
智弁和歌山、元巨人の中谷監督が夏の甲子園初勝利…米子東は３３年ぶり夏白星＆甲子園４元号勝利一番乗りならず,https://news.google.com/articles/CBMiNGh0dHBzOi8vaG9jaGkubmV3cy9hcnRpY2xlcy8yMDE5MDgwOC1PSFQxVDUwMDYxLmh0bWzSAThodHRwczovL2hvY2hpLm5ld3MvYW1wL2FydGljbGVzLzIwMTkwODA4LU9IVDFUNTAwNjEuaHRtbA?hl=ja&gl=JP&ceid=JP%3Aja
智弁和歌山 正捕手・東妻が攻守で躍動！ 元阪神・中谷監督に“夏1勝”届けた,https://news.google.com/articles/CBMiMmh0dHBzOi8vbmV3cy5saXZlZG9vci5jb20vYXJ0aWNsZS9kZXRhaWwvMTY4OTc5OTIv0gE7aHR0cHM6Ly9uZXdzLmxpdmVkb29yLmNvbS9saXRlL2FydGljbGVfZGV0YWlsX2FtcC8xNjg5Nzk5Mi8?hl=ja&gl=JP&ceid=JP%3Aja
【速報中】明徳義塾ｖｓ藤蔭、前橋育英ｖｓ国学院久我山ほか／甲子園第３日,https://news.google.com/articles/CBMiR2h0dHBzOi8vd3d3LnNhbnNwby5jb20vYmFzZWJhbGwvbmV3cy8yMDE5MDgwOC9oaWcxOTA4MDgwNzMwMDAxMy1uMS5odG1s0gFFaHR0cHM6Ly93d3cuc2Fuc3BvLmNvbS9iYXNlYmFsbC9hbXAvMjAxOTA4MDgvaGlnMTkwODA4MDczMDAwMTMtYS5odG1s?hl=ja&gl=JP&ceid=JP%3Aja
智弁和歌山初戦突破 中谷監督、夏の甲子園初陣飾る,https://news.google.com/articles/CBMiSmh0dHBzOi8vd3d3Lm5pa2thbnNwb3J0cy5jb20vYmFzZWJhbGwvaGlnaHNjaG9vbC9uZXdzLzIwMTkwODA4MDAwMDIwOS5odG1s0gFQaHR0cHM6Ly93d3cubmlra2Fuc3BvcnRzLmNvbS9tL2Jhc2ViYWxsL2hpZ2hzY2hvb2wvbmV3cy9hbXAvMjAxOTA4MDgwMDAwMjA5Lmh0bWw?hl=ja&gl=JP&ceid=JP%3Aja
智弁和歌山、元巨人の中谷監督が夏の甲子園初勝利…米子東は３３年ぶり夏白星＆甲子園４元号勝利一番乗りならず,https://news.google.com/articles/CBMiNGh0dHBzOi8vaG9jaGkubmV3cy9hcnRpY2xlcy8yMDE5MDgwOC1PSFQxVDUwMDYxLmh0bWzSAThodHRwczovL2hvY2hpLm5ld3MvYW1wL2FydGljbGVzLzIwMTkwODA4LU9IVDFUNTAwNjEuaHRtbA?hl=ja&gl=JP&ceid=JP%3Aja
星稜・奥川が３安打９４球で令和初完封も満足なし「まだまだ状態は上がってくる」,https://news.google.com/articles/CBMiNGh0dHBzOi8vaG9jaGkubmV3cy9hcnRpY2xlcy8yMDE5MDgwNy1PSFQxVDUwMDgxLmh0bWzSAThodHRwczovL2hvY2hpLm5ld3MvYW1wL2FydGljbGVzLzIwMTkwODA3LU9IVDFUNTAwODEuaHRtbA?hl=ja&gl=JP&ceid=JP%3Aja
星稜・奥川完封 履正社は５発発進／甲子園詳細 - 高校野球,https://news.google.com/articles/CBMiSmh0dHBzOi8vd3d3Lm5pa2thbnNwb3J0cy5jb20vYmFzZWJhbGwvaGlnaHNjaG9vbC9uZXdzLzIwMTkwODA3MDAwMDA3Mi5odG1s0gEA?hl=ja&gl=JP&ceid=JP%3Aja
奥川恭伸に敗れて浴びた大歓声。甲子園は、旭川大高・能登の始発点。（高木遊）,https://news.google.com/articles/CBMiK2h0dHBzOi8vbnVtYmVyLmJ1bnNodW4uanAvYXJ0aWNsZXMvLS84NDAzMjDSAQA?hl=ja&gl=JP&ceid=JP%3Aja
星稜・奥川が圧巻の３安打９Ｋ完封勝利！最速１５３キロに甲子園どよめく（デイリースポーツ）,https://news.google.com/articles/CBMiPWh0dHBzOi8vaGVhZGxpbmVzLnlhaG9vLmNvLmpwL2hsP2E9MjAxOTA4MDctMDAwMDAwODUtZGFsLWJhc2XSAQA?hl=ja&gl=JP&ceid=JP%3Aja
“高校ビッグ4”星稜奥川 完封発進で盛り上がるドラフト戦線｜日刊ゲンダイDIGITAL,https://news.google.com/articles/CBMiOWh0dHBzOi8vd3d3Lm5pa2thbi1nZW5kYWkuY29tL2FydGljbGVzL3ZpZXcvc3BvcnRzLzI2MDAwOdIBAA?hl=ja&gl=JP&ceid=JP%3Aja
星稜・奥川が３安打９４球で令和初完封も満足なし「まだまだ状態は上がってくる」,https://news.google.com/articles/CBMiNGh0dHBzOi8vaG9jaGkubmV3cy9hcnRpY2xlcy8yMDE5MDgwNy1PSFQxVDUwMDgxLmh0bWzSAThodHRwczovL2hvY2hpLm5ld3MvYW1wL2FydGljbGVzLzIwMTkwODA3LU9IVDFUNTAwODEuaHRtbA?hl=ja&gl=JP&ceid=JP%3Aja
星稜・奥川完封 履正社は５発発進／甲子園詳細 - 高校野球,https://news.google.com/articles/CBMiSmh0dHBzOi8vd3d3Lm5pa2thbnNwb3J0cy5jb20vYmFzZWJhbGwvaGlnaHNjaG9vbC9uZXdzLzIwMTkwODA3MDAwMDA3Mi5odG1s0gEA?hl=ja&gl=JP&ceid=JP%3Aja
奥川恭伸に敗れて浴びた大歓声。甲子園は、旭川大高・能登の始発点。（高木遊）,https://news.google.com/articles/CBMiK2h0dHBzOi8vbnVtYmVyLmJ1bnNodW4uanAvYXJ0aWNsZXMvLS84NDAzMjDSAQA?hl=ja&gl=JP&ceid=JP%3Aja
星稜・奥川が圧巻の３安打９Ｋ完封勝利！最速１５３キロに甲子園どよめく（デイリースポーツ）,https://news.google.com/articles/CBMiPWh0dHBzOi8vaGVhZGxpbmVzLnlhaG9vLmNvLmpwL2hsP2E9MjAxOTA4MDctMDAwMDAwODUtZGFsLWJhc2XSAQA?hl=ja&gl=JP&ceid=JP%3Aja
“高校ビッグ4”星稜奥川 完封発進で盛り上がるドラフト戦線｜日刊ゲンダイDIGITAL,https://news.google.com/articles/CBMiOWh0dHBzOi8vd3d3Lm5pa2thbi1nZW5kYWkuY29tL2FydGljbGVzL3ZpZXcvc3BvcnRzLzI2MDAwOdIBAA?hl=ja&gl=JP&ceid=JP%3Aja
星稜・奥川完封 履正社は５発発進／甲子園詳細 - 高校野球,https://news.google.com/articles/CBMiSmh0dHBzOi8vd3d3Lm5pa2thbnNwb3J0cy5jb20vYmFzZWJhbGwvaGlnaHNjaG9vbC9uZXdzLzIwMTkwODA3MDAwMDA3Mi5odG1s0gEA?hl=ja&gl=JP&ceid=JP%3Aja
奥川恭伸に敗れて浴びた大歓声。甲子園は、旭川大高・能登の始発点。（高木遊）,https://news.google.com/articles/CBMiK2h0dHBzOi8vbnVtYmVyLmJ1bnNodW4uanAvYXJ0aWNsZXMvLS84NDAzMjDSAQA?hl=ja&gl=JP&ceid=JP%3Aja
星稜・奥川が圧巻の３安打９Ｋ完封勝利！最速１５３キロに甲子園どよめく（デイリースポーツ）,https://news.google.com/articles/CBMiPWh0dHBzOi8vaGVhZGxpbmVzLnlhaG9vLmNvLmpwL2hsP2E9MjAxOTA4MDctMDAwMDAwODUtZGFsLWJhc2XSAQA?hl=ja&gl=JP&ceid=JP%3Aja
“高校ビッグ4”星稜奥川 完封発進で盛り上がるドラフト戦線｜日刊ゲンダイDIGITAL,https://news.google.com/articles/CBMiOWh0dHBzOi8vd3d3Lm5pa2thbi1nZW5kYWkuY29tL2FydGljbGVzL3ZpZXcvc3BvcnRzLzI2MDAwOdIBAA?hl=ja&gl=JP&ceid=JP%3Aja
井上尚弥「歴史的瞬間を見届けてくれ」 ＷＢＳＳ決勝のドネア戦 １１・７さいたまスーパーアリーナ正式発表（スポーツ報知） - Yahoo!,https://news.google.com/articles/CBMiPmh0dHBzOi8vaGVhZGxpbmVzLnlhaG9vLmNvLmpwL2hsP2E9MjAxOTA4MDgtMDAwMDAwNDYtc3BoLWZpZ2h00gEA?hl=ja&gl=JP&ceid=JP%3Aja
井上尚弥11・７さいたまＳＡでＷＢＳＳドネア戦,https://news.google.com/articles/CBMiPWh0dHBzOi8vd3d3Lm5pa2thbnNwb3J0cy5jb20vYmF0dGxlL25ld3MvMjAxOTA4MDgwMDAwMDM4Lmh0bWzSAUNodHRwczovL3d3dy5uaWtrYW5zcG9ydHMuY29tL20vYmF0dGxlL25ld3MvYW1wLzIwMTkwODA4MDAwMDAzOC5odG1s?hl=ja&gl=JP&ceid=JP%3Aja
井上尚弥ＷＢＳＳ決勝は１１月７日、さいたまスーパーアリーナ開催で正式発表／ＢＯＸ,https://news.google.com/articles/CBMiRWh0dHBzOi8vd3d3LnNhbnNwby5jb20vc3BvcnRzL25ld3MvMjAxOTA4MDgvYm94MTkwODA4MDkzOTAwMDQtbjEuaHRtbNIBQ2h0dHBzOi8vd3d3LnNhbnNwby5jb20vc3BvcnRzL2FtcC8yMDE5MDgwOC9ib3gxOTA4MDgwOTM5MDAwNC1hLmh0bWw?hl=ja&gl=JP&ceid=JP%3Aja
井上尚、11月7日、さいたまでWBSS決勝戦,https://news.google.com/articles/CBMiPGh0dHBzOi8vd3d3Lm5pa2tlaS5jb20vYXJ0aWNsZS9ER1hNWk80ODM1MTEwMFk5QTgwMEMxVVMwMDAwL9IBAA?hl=ja&gl=JP&ceid=JP%3Aja
井上尚弥、ドネアとは「戦う運命にある」と大橋会長,https://news.google.com/articles/CBMiPWh0dHBzOi8vd3d3Lm5pa2thbnNwb3J0cy5jb20vYmF0dGxlL25ld3MvMjAxOTA4MDgwMDAwMDQ1Lmh0bWzSAUNodHRwczovL3d3dy5uaWtrYW5zcG9ydHMuY29tL20vYmF0dGxlL25ld3MvYW1wLzIwMTkwODA4MDAwMDA0NS5odG1s?hl=ja&gl=JP&ceid=JP%3Aja
井上尚弥「歴史的瞬間を見届けてくれ」 ＷＢＳＳ決勝のドネア戦 １１・７さいたまスーパーアリーナ正式発表（スポーツ報知） - Yahoo!,https://news.google.com/articles/CBMiPmh0dHBzOi8vaGVhZGxpbmVzLnlhaG9vLmNvLmpwL2hsP2E9MjAxOTA4MDgtMDAwMDAwNDYtc3BoLWZpZ2h00gEA?hl=ja&gl=JP&ceid=JP%3Aja
井上尚弥11・７さいたまＳＡでＷＢＳＳドネア戦,https://news.google.com/articles/CBMiPWh0dHBzOi8vd3d3Lm5pa2thbnNwb3J0cy5jb20vYmF0dGxlL25ld3MvMjAxOTA4MDgwMDAwMDM4Lmh0bWzSAUNodHRwczovL3d3dy5uaWtrYW5zcG9ydHMuY29tL20vYmF0dGxlL25ld3MvYW1wLzIwMTkwODA4MDAwMDAzOC5odG1s?hl=ja&gl=JP&ceid=JP%3Aja
井上尚弥ＷＢＳＳ決勝は１１月７日、さいたまスーパーアリーナ開催で正式発表／ＢＯＸ,https://news.google.com/articles/CBMiRWh0dHBzOi8vd3d3LnNhbnNwby5jb20vc3BvcnRzL25ld3MvMjAxOTA4MDgvYm94MTkwODA4MDkzOTAwMDQtbjEuaHRtbNIBQ2h0dHBzOi8vd3d3LnNhbnNwby5jb20vc3BvcnRzL2FtcC8yMDE5MDgwOC9ib3gxOTA4MDgwOTM5MDAwNC1hLmh0bWw?hl=ja&gl=JP&ceid=JP%3Aja
井上尚、11月7日、さいたまでWBSS決勝戦,https://news.google.com/articles/CBMiPGh0dHBzOi8vd3d3Lm5pa2tlaS5jb20vYXJ0aWNsZS9ER1hNWk80ODM1MTEwMFk5QTgwMEMxVVMwMDAwL9IBAA?hl=ja&gl=JP&ceid=JP%3Aja
井上尚弥、ドネアとは「戦う運命にある」と大橋会長,https://news.google.com/articles/CBMiPWh0dHBzOi8vd3d3Lm5pa2thbnNwb3J0cy5jb20vYmF0dGxlL25ld3MvMjAxOTA4MDgwMDAwMDQ1Lmh0bWzSAUNodHRwczovL3d3dy5uaWtrYW5zcG9ydHMuY29tL20vYmF0dGxlL25ld3MvYW1wLzIwMTkwODA4MDAwMDA0NS5odG1s?hl=ja&gl=JP&ceid=JP%3Aja
井上尚弥11・７さいたまＳＡでＷＢＳＳドネア戦,https://news.google.com/articles/CBMiPWh0dHBzOi8vd3d3Lm5pa2thbnNwb3J0cy5jb20vYmF0dGxlL25ld3MvMjAxOTA4MDgwMDAwMDM4Lmh0bWzSAUNodHRwczovL3d3dy5uaWtrYW5zcG9ydHMuY29tL20vYmF0dGxlL25ld3MvYW1wLzIwMTkwODA4MDAwMDAzOC5odG1s?hl=ja&gl=JP&ceid=JP%3Aja
井上尚弥ＷＢＳＳ決勝は１１月７日、さいたまスーパーアリーナ開催で正式発表／ＢＯＸ,https://news.google.com/articles/CBMiRWh0dHBzOi8vd3d3LnNhbnNwby5jb20vc3BvcnRzL25ld3MvMjAxOTA4MDgvYm94MTkwODA4MDkzOTAwMDQtbjEuaHRtbNIBQ2h0dHBzOi8vd3d3LnNhbnNwby5jb20vc3BvcnRzL2FtcC8yMDE5MDgwOC9ib3gxOTA4MDgwOTM5MDAwNC1hLmh0bWw?hl=ja&gl=JP&ceid=JP%3Aja
井上尚、11月7日、さいたまでWBSS決勝戦,https://news.google.com/articles/CBMiPGh0dHBzOi8vd3d3Lm5pa2tlaS5jb20vYXJ0aWNsZS9ER1hNWk80ODM1MTEwMFk5QTgwMEMxVVMwMDAwL9IBAA?hl=ja&gl=JP&ceid=JP%3Aja
井上尚弥、ドネアとは「戦う運命にある」と大橋会長,https://news.google.com/articles/CBMiPWh0dHBzOi8vd3d3Lm5pa2thbnNwb3J0cy5jb20vYmF0dGxlL25ld3MvMjAxOTA4MDgwMDAwMDQ1Lmh0bWzSAUNodHRwczovL3d3dy5uaWtrYW5zcG9ydHMuY29tL20vYmF0dGxlL25ld3MvYW1wLzIwMTkwODA4MDAwMDA0NS5odG1s?hl=ja&gl=JP&ceid=JP%3Aja
